customer_id,customer_unique_id,customer_zip_code_prefix,customer_city,customer_state,geolocation_zip_code_prefix,geolocation_lat,geolocation_lng,geolocation_city,geolocation_state,city_match,state_match
9b7822c67a91b431e9254007b587214d,9d0ac1cdbfc919d676e2c2377abb32c1,71928,brasilia,df,71928,-15.845635190858065,-48.031713728553214,brasília,df,False,True
d387341bbce5ab96e3647bb0e8d0b55a,91e6fd64694fa9a828270d442ba88e03,06835,embu,sp,06835,-23.676672160109366,-46.85109917448426,embu das artes,sp,False,True
ecb1725b26e8b8c458181455dfa434ea,b55a113bb84fc10eaf58c6d09ec69794,72300,brasilia,df,,,,,,False,False
bcf86029aeed4ed8bac0e16eb14c22f5,7cd7974c9f79f75b77f323878ef87f43,11547,cubatao,sp,,,,,,False,False
e86aabf122bf269f6a73ef1631ea593e,264f33eb52366d6efeae97a7de43a1e6,48967,nucleo residencial pilar,ba,48967,-10.33361416984474,-40.15152490130054,jaguarari,ba,False,True
f4302056f0c58570522590f8181de2c7,67b05b597a66b5c449025000b9430abb,64605,picos,pi,,,,,,False,False
ceead79d927539feb1a27e3ec80cac36,f75da962fb4ddac1569e90c21803c455,06768,taboao da serra,sp,06768,-23.607633000000003,-46.75564199999999,taboão da serra,sp,False,True
03bbe0ce5c28e05f22917607db798818,8f3dca4306d5a89e4ae2c65c110603a2,72465,brasilia,df,,,,,,False,False
ad4950aded55c2ea376be59506456d68,aa2b96dd03307ea6dc4b763c0b5f0b39,07729,caieiras,sp,,,,,,False,False
6e7dc8f6ec3f0a0d72fa64992ebe2fc8,5efeef1510d928c549c082d0ef4447ac,72904,santo antonio do descoberto,go,,,,,,False,False
627dfd4a1b84a6a7e2a5e989ba72101d,4c3e319751f31fb9c21a247247fe85e0,70680,brasilia,df,70680,-15.785799316169744,-47.91757453421891,brasília,df,False,True
c55a17a7c31353c35d48550b3aebc06f,578d5e6d37a20bbf631183feedfe2dea,35408,glaura,mg,,,,,,False,False
5e4b0c76f331945cd0ebb67a3adce403,8d66f98c026e3d77ea0c70f5a2c8e98e,02231,sao paulo,sp,02231,-23.47564614294332,-46.56558172594988,são paulo,sp,False,True
3a9686af66e7ba1291b19d2e41d584ce,c85df1c6ef6f7bb605e1c49d34f172ee,78554,sinop,mt,,,,,,False,False
baca33004aa726524d5a891853100559,aa67457bb07fde4e952d67b038135bee,73369,brasilia,df,,,,,,False,False
7557541c9c578082c892cf185c3b0b47,7ee645e84a436c9dad3d5af253162fe7,08980,nossa senhora do remedio,sp,,,,,,False,False
bbf5e98dabf1bdac752afc68f8032bda,13aba123512eef450a11646c572fccca,29949,sao mateus,es,,,,,,False,False
47991a53433aaa66f7847608c1fdf716,504c50c33f84b78f26c028f2f8e4a860,37925,piumhii,mg,37925,-20.469549898219025,-45.96099284289125,piumhi,mg,False,True
78bebfa74709728a62d4a98efbde8ac0,fac8b5e914037fc2e2476783585f0769,65137,maioba,ma,,,,,,False,False
814dfd64a142fe2564faef3932b676b9,d647bd6f2997e98e04f7d84da752b873,28655,monnerat,rj,,,,,,False,False
9bc4a258f344f7de44ca841d25a497fd,f372db7693e8b9df2f201a59b1a15c20,70680,brasilia,df,70680,-15.785799316169744,-47.91757453421891,brasília,df,False,True
5f0099134079adfe14d1df3d8ecc57ae,25aaba9edaf948bb0b0af688266934e8,73255,brasilia,df,,,,,,False,False
b94afa1536154b937c32785ad8263141,aa0b2eaabf40dd1b26af1f47b7d42865,13841,mogi-guacu,sp,13841,-22.364979294138546,-46.92434237739809,mogi guacu,sp,False,True
d7cf6e6f535ab1be102e3e7ab5185139,659d92dc24d2773bb6c74985a14d2221,06768,taboao da serra,sp,06768,-23.607633000000003,-46.75564199999999,taboão da serra,sp,False,True
9898e8eddc4e40527c7cda1dc8ef3a9f,23916bba358a757bc1a2962315e9ad15,28388,bom jesus do querendo,rj,,,,,,False,False
3e03d4153f402a107117e6eb0bab7ec8,eac46d144f4593759db4fd029f91f6cc,73251,brasilia,df,73251,-15.67044853931117,-47.81596285510468,sobradinho,df,False,True
f341549b5b28a46a5b4db2f4372e36a2,b085fe730254d7b519bc1231da539c38,06930,cipo-guacu,sp,,,,,,False,False
77f30174b3db9880a8a868926892545d,c21b919e97346078646722f34ec6daf7,71676,brasilia,df,,,,,,False,False
6dc03b7785c3ad8b1f2f69a96afaf0d9,e1f1862e74270220628e76ecc8d68f98,71950,taguatinga,df,71950,-15.838929410218688,-48.043783756744176,brasilia,df,False,True
d4a4c83732d4270a8c93260be1c189ed,881c338c2a976c0f6e7d8f317840775c,64047,teresina,pi,,,,,,False,False
f493aff390d5dc333518bd728e9d9787,41507ff4b7bab10c31de27a09a09da50,70680,brasilia,df,70680,-15.785799316169744,-47.91757453421891,brasília,df,False,True
f28aac2789e12c47afd75647b5788bfa,e3a07a2fce775f67bcf06e6278807608,71090,brasilia,df,71090,-15.815613218565668,-47.995720718565664,guara,df,False,True
ed41fe754f77becd2c70896dcc967aa0,827b19392982299876c0aca1f92208c2,29949,sao mateus,es,,,,,,False,False
1c436aa3c85f978a78df59eaca01ede3,0831677c0910d6a1effef95c5836b5c5,71928,brasilia,df,71928,-15.845635190858065,-48.031713728553214,brasília,df,False,True
60668013b65cb5ce1ac510221b9af243,459759c02362af7a218dd2fe035b3c07,61906,maracanau,ce,,,,,,False,False
4cc35d6a322eb6950b08f6dc5e64f821,7b5476637788a97b34d40c0aeaa1a98b,73255,brasilia,df,,,,,,False,False
0662368ff680fcfd827c7dfa0b272bb7,5d449a06af72441c704b25d28b693942,29660,sao joao de petropolis,es,29660,-19.879860634382204,-40.626739587261234,santa teresa,es,False,True
d90af5c00814430fc3e212e8163bf2b8,aef278d3c4350b0d32907d429421f071,68447,vila dos cabanos,pa,68447,7.271649375032848,-40.315884016386505,barcarena,pa,False,True
4f061e67c05a2736e7c07286ff3fa787,fded88a1576bd3a1383116738e43fb6c,71927,brasilia,df,71927,-15.843413091757307,-48.01808620484556,brasília,df,False,True
8d1906125bb1f738d1f8a1d146ac3334,481a3e4c07971c950ac25f7317ac421b,65137,maioba,ma,,,,,,False,False
ce235b7711c4350b82cbeab0568b7df2,6550bfddbb6eb18f5cfc4d8e410c485a,83210,paranagua,pr,,,,,,False,False
44a201b41213d0cb2bfbafe2f17fd3d0,11456834db38d2d260cef5a6ab44a592,74476,goiania,go,74476,-16.61032755468738,-49.34744430637364,goiânia,go,False,True
e4be72be1f23e97bd34c353e08d7ae4a,921f5be42275772ab31fc09bf5ae728b,70680,brasilia,df,70680,-15.785799316169744,-47.91757453421891,brasília,df,False,True
6fe9ae6b3e2e3ee18fddcfe17f29b226,3fc19a1a15d5d29c01c2f687bd497d00,04875,sao paulo,sp,04875,-23.820602218415264,-46.68535992256436,são paulo,sp,False,True
1b97c9da9c97d1fbe7be867abdb7f446,34478bd76ec4342d1d47df943131539e,71919,brasilia,df,,,,,,False,False
055a82f1af585df4506c8d053edc7641,46417ad5a94a3c89c3725a93d3600b73,71928,brasilia,df,71928,-15.845635190858065,-48.031713728553214,brasília,df,False,True
4d89e7ec9a5b443f3188cb1132255b72,95c85e956d3aa612bb42a94c0872d1ed,71931,brasilia,df,71931,-15.8369274464868,-48.0394269535645,brasília,df,False,True
53c26135cf44344a6c00bf51771980c4,d394a89e0e5bb68d20c89d235ef59b06,36956,sao francisco do humaita,mg,,,,,,False,False
b88b7689eba14a29896c654986bec727,ba2c1895f7a564980172df46b35fe611,35242,cuite velho,mg,,,,,,False,False
df3450e94b312b2a7ef8517bd09a52f2,92272a7a0e11f7d949a982e647a6d286,72005,brasilia,df,,,,,,False,False
e988b94fc82408ecac8299c744959c58,d01e20bfb741f8a5a4c2c8582617c580,29718,angelo frechiani,es,,,,,,False,False
3ee60392c784c837894f3391360004a8,9a667674750c85328d27c1578b5db5c7,41347,salvador,ba,,,,,,False,False
1d39877e0dfed5772a3ac4b169a1adc6,48eb15c28a364993587bf0975652a2f2,72005,brasilia,df,,,,,,False,False
6391b6b3125ec6fbe82bf0e2d616337f,9f93044b0156639ec44b7ecfca3b9c31,70324,brasilia,df,,,,,,False,False
77b5832eda477c951c0f2b13998ddfa2,791196cf7e5c2e2a7e894884becd7a6c,72005,brasilia,df,,,,,,False,False
1daba7d65f084430a3d8aeaefeae4680,29209fe36b1f2c11836d538740f5954d,70680,brasilia,df,70680,-15.785799316169744,-47.91757453421891,brasília,df,False,True
0487babaee1a6d7e1aca94e4ecba5e47,13e58e8be993cad079d11118950e9af8,71918,brasilia,df,71918,-15.837613617893139,-48.02359965433803,brasília,df,False,True
330c38b2460346c6dc474f3819707500,4ad4d9be004941fb8e0ffd31ddbf1f3c,70680,brasilia,df,70680,-15.785799316169744,-47.91757453421891,brasília,df,False,True
995a8d3ce0c9af3522916bd31f4305d7,32fac75226dbbce057b8a9f2a1b1997b,37925,piumhii,mg,37925,-20.469549898219025,-45.96099284289125,piumhi,mg,False,True
032a8a054066276df2c3df8e1be1611c,1d3e756d12649ccfe5a47a02628baec3,85139,colonia vitoria,pr,85139,-25.272807023543834,-50.07009121273323,vitoria,pr,False,True
075ef61489ef7122c2a0f69e79c55ff3,757423381d83adecca877fc69cfb8540,73060,sobradinho,df,73060,-15.640681335562483,-47.82060067744548,brasilia,df,False,True
47b829330c5a0c6c89cad9cb0ac6aa3c,6dfd27af2b7c8bf61b351757b7b13d2e,70686,brasilia,df,,,,,,False,False
2fb134171eb8b58c2cb3aef1b480c14e,e3e9798c019c5c53539c221ef4646d84,62600,itapage,ce,62600,-3.68727360287938,-39.5832783760235,itapaje,ce,False,True
fca4bdb14966b7230098dffb7e01e67a,4b271dbd4bfeefce07c67cfb51448390,72341,brasilia,df,,,,,,False,False
6d0f452f154628992e07aa608810f082,c8ddd50a1eb607d6d09df11adca65efe,12332,jacarei,sp,,,,,,False,False
1628f353cb4fee7be799eaae47575ed0,eea3ce136d530bbbb64b37004756820d,70716,brasilia,df,,,,,,False,False
22e922696a7d1ab9a19c6b702fedc387,b030929cf3b8c3370ea8c611f9ccb32e,71905,brasilia,df,,,,,,False,False
bc530a094537f0c6a7645e89b29bc650,02dd4969c23207b44ef9252dd7ef59f8,13841,mogi-guacu,sp,13841,-22.364979294138546,-46.92434237739809,mogi guacu,sp,False,True
4396492d7da56955ab6c0fc9c9fceaab,a4585eb1763f581eae8562642424a638,88162,biguacu,sc,88162,-27.527041926878997,-48.64345039251235,biguaçu,sc,False,True
4a5642b29f7d0885758928dc7ec35909,04f08b09dd9ae5d658be400b1b786c47,75784,domiciano ribeiro,go,,,,,,False,False
1dbe0bf136ea8849ed9648546ebc2e63,bd0d97c6af77a1ef4850255bd6d17fec,73082,brasilia,df,,,,,,False,False
1944b4d00cd7782e2302cb0c6405c0c8,ba097393e22efe1dd4e3a9433c1232ce,37925,piumhii,mg,37925,-20.469549898219025,-45.96099284289125,piumhi,mg,False,True
2ebff6706876c13d515f6efb2c687db6,f489231774bb1b459de6d233ea125a1b,71884,brasilia,df,,,,,,False,False
534ae76adc5da4b4f9c7b505a756d59d,678939d60a25a0085362fea2de179f2a,71574,brasilia,df,,,,,,False,False
f7ef746cb4eb72958f6ec8a332cbf172,36cc929a520588f985ba75a0d92238f4,72238,brasilia,df,,,,,,False,False
1d5ff4f3adccc4a651df014533d39493,fe5356333d9ad35e81c4770b666b8d12,71931,brasilia,df,71931,-15.8369274464868,-48.0394269535645,brasília,df,False,True
a05e5d67bec8b16eb0a745e78554c71f,478ad0e58a5fbf512d7655c62a78dde3,71918,brasilia,df,71918,-15.837613617893139,-48.02359965433803,brasília,df,False,True
bd075a9e60df7474943e430c2f5f61f5,519446a115f9260dd7af4dda99afd8be,72745,brasilia,df,72745,-15.65998974201913,-48.1932929688207,brasília,df,False,True
0debfbe6eb17e95af641df3e543d5959,b430e3d118c6f0ba3a07a99b6b9222bf,71996,brasilia,df,,,,,,False,False
5fa72a993139ba4e448cdb029f85899e,069f4dd3b71c4a74396b5d9044432d5e,72007,brasilia,df,72007,-15.774815956743687,-48.0468055012082,brasília,df,False,True
ce34a9292c0c51ddf8171b9b333aa625,b965c6d1fa94e2884f470742038a5ec5,76968,cacoal,ro,,,,,,False,False
b7c8e76e67ea70f6aaa55aa9f847c0c3,bcdf4386a30ea0fdeba75d11960d7918,70686,brasilia,df,,,,,,False,False
d42a85a7f08524cec83afa0a1127054d,a3057829f96dc368f93a30abda21c970,72300,brasilia,df,,,,,,False,False
a55b85ff2960e23e05447c3c371899b0,44723e30324b2effd5a8247794af92c8,70680,brasilia,df,70680,-15.785799316169744,-47.91757453421891,brasília,df,False,True
cba8b8645de00cff0b502040bc71c0c9,aac86ff1a57d14e31dfd674c49d240de,85139,colonia vitoria,pr,85139,-25.272807023543834,-50.07009121273323,vitoria,pr,False,True
d38521b8c94b38e74554395115ca5c2f,9a33dd59711dab6f08d324eee7e03ee9,55485,jurema,pe,55485,-12.812998373308554,-38.731669333692956,santo antonio das queimadas,pe,False,True
77adec624e36e65c0a3af52452b21b12,6d2408af10e468cd1a5bc41df239cd59,13841,mogi-guacu,sp,13841,-22.364979294138546,-46.92434237739809,mogi guacu,sp,False,True
d692866d341e03251c309c8b6f49d640,d5954d70dbdab5ce057d63cbfcd32cf9,71975,brasilia,df,,,,,,False,False
2bd1c2a6bcb1e348fc5c5f1d67436fa1,c5ae51741ef98f82fbb3887f0bb68877,72595,brasilia,df,,,,,,False,False
378acb1d4018a2ed442626f99a1e68b8,075b7002d0445c874a542f6841d99bac,72017,brasilia,df,,,,,,False,False
ce102f790bb667f9851019a3cb0ed958,d39601cf1486970b35aa481a78c726bc,75784,domiciano ribeiro,go,,,,,,False,False
e28f61f60696c03754e0ab705ed04182,df060d00986253c06af905c95d50bb30,85575,sao jorge do oeste,pr,85575,-25.707281919009446,-52.91877853100683,sao jorge d'oeste,pr,False,True
fb5c13a43eab0c123ae49f226709b74a,c037aa753c0787f6e28b2d5c5e40d997,68447,vila dos cabanos,pa,68447,7.271649375032848,-40.315884016386505,barcarena,pa,False,True
8daafb5e7776c08e384b8bdd6b708dfc,8262788edf806677acaffdbb1709ed3f,68792,santa isabel do para,pa,68792,-1.3052957844724087,-48.04698260876136,americano,pa,False,True
2468e8e24c7f7f1afb422a334c11b531,eeea5c6efe33f400e94177fa497499f6,72596,brasilia,df,,,,,,False,False
d5842d939b29486593a603af0718d347,2099df74d91e10c00c34ad14edda6bd0,67105,ananindeua,pa,,,,,,False,False
cdc2bba36d83fe46dea8a0dce9453146,d36c4833ff5369ed3c7225ee636fbeb8,25840,bemposta,rj,,,,,,False,False
2ff967be7f6652e68ab0c412054f6aea,5ce0fe1fb00b7bd8dcb41e207c831c82,72002,brasilia,df,,,,,,False,False
93a8571aba21529cf631be8c49e279df,f570b38fd1007c094f293aadb09bcedf,68447,vila dos cabanos,pa,68447,7.271649375032848,-40.315884016386505,barcarena,pa,False,True
84d03da5b419db76b30b4f5d8ccb6450,e58043c5746b4d123edd5fe77ef48696,72821,luziania,go,,,,,,False,False
f58c14ad1417ae5e8f9c6d0f9f6aec24,04a5a9b154c83e4b19258dcd0e4476ed,85118,palmeirinha,pr,,,,,,False,False
423852dab82b7c8333f71b06f3a6fd77,e78fe125c58587fde827b7249291d520,58625,sao mamede,pb,58625,-6.927206086483197,-37.09682003739722,são mamede,pb,False,True
44b07e53a284d5abc4dbcf7ab6f96750,5fd9a1173ae9910627a50c51f12a5664,37925,piumhii,mg,37925,-20.469549898219025,-45.96099284289125,piumhi,mg,False,True
bd15f9ff1287103a05384574f0525d58,003f4901fdb60ae9c1e2538b84c208e1,73255,brasilia,df,,,,,,False,False
9ae373da25d193f8f853a8eebbe2ea96,327a01a6885ecfda06a3d5c50fb515c3,25919,mage,rj,,,,,,False,False
7a016e0365d83ace51004c940f13aff3,b8d87455f7eca8954cb5963ed9f9f9a5,71931,brasilia,df,71931,-15.8369274464868,-48.0394269535645,brasília,df,False,True
a7e1e3b3803edc0fe36cd28dd1b296f1,2b159d0cdf66c3325b64304c18ae2e75,71927,brasilia,df,71927,-15.843413091757307,-48.01808620484556,brasília,df,False,True
a1cdd0992516e0e8a9c90b38965b47fe,e602f17b276b90a8766bd196b3590c11,72005,brasilia,df,,,,,,False,False
9d5ff5d7ce2e4bc386bf11b9adb46a19,b501aa16c4c71c55bd43d45d112bd135,95853,polo petroquimico de triunfo,rs,,,,,,False,False
d6e816a35e42165ae9af6c44209dc565,f041d0ca4717eab95d05b412e6aaea17,79760,bataipora,ms,79760,-22.296790222960677,-53.26950374476603,bataypora,ms,False,True
776e3127741b8d940d12afa4449e50a6,b283972d8b63fa81402654b037f88651,70686,brasilia,df,,,,,,False,False
23fafaadc0b11501176401ba0003c22d,b3441a427e8889379672bfd441f5218e,72583,brasilia,df,,,,,,False,False
23267a340cb0e9928fca29f239429b11,327a01a6885ecfda06a3d5c50fb515c3,25919,mage,rj,,,,,,False,False
e1a7e3c252a0a62a4936908e3725f7d3,ac0651cf284cc653d37a4d2178ccbca2,70735,brasilia,df,70735,-15.782518976857272,-47.888067626997994,brasília,df,False,True
687de4f25e5a81aa43144a67bd2d49f5,60773a7bbe6c8189c0799fa572a43a65,06824,embu,sp,06824,-23.67648281814007,-46.80474537411708,embu das artes,sp,False,True
4d2458e75c52df5f04690b4726d9b10d,31d5ba0ac9c388bbdc6d6c10a60df123,70830,brasilia,df,70830,-15.777625500000005,-47.87400825,brasília,df,False,True
83f3342b0ee6f0c116666610ec70e082,ef615978504f00be4e6e171ca068e160,72669,brasilia,df,72669,-15.793363257833736,-47.84922424340701,brasília,df,False,True
9adc8383886b0a2bd1736c1fd1b972e1,24c9ed99a0239ba1a61661f0f9f7403e,68511,maraba,pa,,,,,,False,False
1324ff534622fa55dc3102e7cb227111,24259224caf748993c177ebf964c2e6e,70680,brasilia,df,70680,-15.785799316169744,-47.91757453421891,brasília,df,False,True
8d8978fdd03f6e34ba26df8fa47df752,bac7b4b5798499ae07479beff94d2187,72007,brasilia,df,72007,-15.774815956743687,-48.0468055012082,brasília,df,False,True
5b310d1f78f27de30f2fb3ddbc5e8a49,b9c201d679a0f0fbae1f2b9620b3155a,70701,brasilia,df,,,,,,False,False
99dc7c59a9c5a055e048b3b1f8cabd8f,e99ca5e918ee9a06067dcdc7fd50007f,71591,brasilia,df,,,,,,False,False
15d1ff96168e59165bb5ccf454b44b85,b4fa7b2b8c716cafcd505d8917a3b4be,85118,palmeirinha,pr,,,,,,False,False
11abdd40a33e2935ffe14b833ead5a1c,27523a0e3d93e54c0491cd5feed33a65,36576,vicosa,mg,36576,-20.702669163333553,-42.986789819228186,porto firme,mg,False,True
486f3821dff6f15c3b4c114b12ad1480,e03a7561447875f95f91004d29083c81,72535,brasilia,df,,,,,,False,False
7e9a5d4cbccb404e8ddce807dc3622c1,90bf31428610d8297cf6e27fe70da525,23970,paraty,rj,23970,-23.215653568544237,-44.70625430779405,parati,rj,False,True
7fbb366983e4f58b78aa290785a1b9dc,9af30f19b48ae6a6d6637aed620b995b,71919,brasilia,df,,,,,,False,False
228fa0775b9f2dd5df796a94425f18d2,b8f9ecc7915ce653a1d7ee6dbfe8f54d,06768,taboao da serra,sp,06768,-23.607633000000003,-46.75564199999999,taboão da serra,sp,False,True
ff542e3cf0ba09909e8cfa4ea58186e1,a982bd0fec12d781fecd9f1e17cb81bf,48967,nucleo residencial pilar,ba,48967,-10.33361416984474,-40.15152490130054,jaguarari,ba,False,True
33e459b53bac5c141d0256c11d4ddfb3,0ae994d8f10440e53ca00da6ed0080f5,71928,brasilia,df,71928,-15.845635190858065,-48.031713728553214,brasília,df,False,True
e0dc8ea464de23db3b4aa5fa6ae07cc3,383fa1a759c0437605732a46d4f43d2c,71918,brasilia,df,71918,-15.837613617893139,-48.02359965433803,brasília,df,False,True
30b882d792e7c674b96146e7a4854316,35aa9ebfcaec22160e6f50406b4c89d1,37925,piumhii,mg,37925,-20.469549898219025,-45.96099284289125,piumhi,mg,False,True
066e5acdd1a429b05b4bcb0c8f8273d3,36cb06fed5371d8e5ae0074141da1ae2,71215,brasilia,df,71215,-15.814737483080949,-47.94033250909593,brasília,df,False,True
0d0df1aeacd390324f3efb6b9518c12a,dd246e640bf9e0d31ba62cf5cf2bd1bd,71918,brasilia,df,71918,-15.837613617893139,-48.02359965433803,brasília,df,False,True
94c00589c7550e31350908f68e97d488,fe59d5878cd80080edbd29b5a0a4e1cf,71065,guara,df,71065,-15.842582940884778,-47.975808124409006,brasilia,df,False,True
367d2bdd1791432a6864b006df0c9a1f,c85df1c6ef6f7bb605e1c49d34f172ee,78554,sinop,mt,,,,,,False,False
aa743174847b78266e47461b8bcd1bb5,b91103208abd5c826bd0bc26ec99c1a2,95572,mampituba,rs,,,,,,False,False
e17f21a7f5dfaa820286567ccd5c96be,f64defe83f071b017b6215c2aab39aff,13820,monte alegre do sul,sp,13820,-22.69408747635863,-46.98545911933721,jaguariuna,sp,False,True
fc2f56601bbd8434a91b963b8ac49f35,a1f6aec75e41168caba548372f245c68,23970,paraty,rj,23970,-23.215653568544237,-44.70625430779405,parati,rj,False,True
ffa7d6a151c43eaf14058054531ddca5,d3f9b6f820f5d26137edc92826811dc2,73090,brasilia,df,,,,,,False,False
d49c6823ea64985a6cb50d57d846cb5d,83e811b31fe3effd03a4ef8fe588469d,28175,travessao,rj,28175,-22.147109150072314,-42.08524973410263,campos dos goytacazes,rj,False,True
23b1652202bea45933d115b4aa2f04ca,4f40329a8c4e7ef4d82dfab034dab009,71927,brasilia,df,71927,-15.843413091757307,-48.01808620484556,brasília,df,False,True
7977e97aa9af9c0a1263673131d5f3f1,902b01ca99398187801c193d7393f55b,37925,piumhii,mg,37925,-20.469549898219025,-45.96099284289125,piumhi,mg,False,True
762e8ea539165da0ae00470a4f8e477e,195a5dead86106de9b898e2d6830b01a,72242,brasilia,df,,,,,,False,False
8681e534f3d51266c69704526a986c47,8d527b70b9749275f6a6cafc42519a98,71884,brasilia,df,,,,,,False,False
7c374adb83a223fa86b7e59111bec826,33f61674f0fc080eed130f22ab8ceb47,86135,santa margarida,pr,,,,,,False,False
5206bdc4d7ecb9869166f99fc635a5b1,5064f15200f59b32518135b8dfdcf99d,01256,sao paulo,sp,01256,-23.54769704274337,-46.68297314757341,são paulo,sp,False,True
c8145ea9f734a0652c0b7dcbc75a5fa3,e12c464370d2e42bd874634ce9dc8e25,99265,santo antonio do palma,rs,99265,-28.499749049531353,-52.656859625115864,santo antônio do palma,rs,False,True
dad18fc78e3b2c9cb4e189e80563d2e1,ca4a283fddc866a53908a24399a7c711,70686,brasilia,df,,,,,,False,False
8aed06f4d390a477d19b1c263fb77fab,27f729c22e9c0292fa0f87c4c63956d0,72596,brasilia,df,,,,,,False,False
90fc6c2434ca10afbe89402ed29897e2,8f3dca4306d5a89e4ae2c65c110603a2,72465,brasilia,df,,,,,,False,False
516edd7c653a89039877ad28c3b34fa7,51ec3bc37c5f58ab949936efb7ec029f,70680,brasilia,df,70680,-15.785799316169744,-47.91757453421891,brasília,df,False,True
7e29d996caf508b65825f57600ebef69,7415e06e610d97fcc5307a0cefc9238f,73251,brasilia,df,73251,-15.67044853931117,-47.81596285510468,sobradinho,df,False,True
f33b127cad2e1ad3d33db4df72ebd159,03f3956529aac8ab54669986dbccdea5,70316,brasilia,df,,,,,,False,False
5f3b1c8a3fa2ba4c9f3da12e77d5846a,664c69498d29121d41bec641740a6e6d,71591,brasilia,df,,,,,,False,False
ca5a8d53f43c28c976ee6a54bb66d2e9,59aaf8a23bd819df3aba00cf40f97778,23970,paraty,rj,23970,-23.215653568544237,-44.70625430779405,parati,rj,False,True
969464fb93c7e359f0aa7ea053725334,a0b900ce3e523b7ded323e9b60c49cf9,73091,brasilia,df,,,,,,False,False
6d05cbc67013b652c83618a1c77cff36,4d7b44abc080bcb6dae3e6a3fa1f996d,37925,piumhii,mg,37925,-20.469549898219025,-45.96099284289125,piumhi,mg,False,True
149338c97694f4c1825ef1b9d0afc2cc,c40b4a21d854ab194280dadc8998061f,71939,taguatinga,df,71939,-15.822816784210993,-47.956252862233896,brasilia,df,False,True
17679c354e803265772e7ebda35857eb,bd315e83bbf6540e7d45fd73b5e41bdd,41098,salvador,ba,,,,,,False,False
6e58debec4d82dd7dbdc9efdaa2bc43a,1d7f4a786618ec8e4aaa51733bc96dba,70680,brasilia,df,70680,-15.785799316169744,-47.91757453421891,brasília,df,False,True
dcef2fe349300ac52c962eb0f0fbc453,9eceb9f7c2bd232366d8b271461849c0,58734,passagem,pb,,,,,,False,False
2696ed45e2583bdcb7b6bfd0a8f0f2fe,9789c872c721af19e428c304beaf6472,73310,brasilia,df,,,,,,False,False
c6dafa651522bb3afcb52a2b558f3236,740075865af950b7f052f3cd7303241c,48485,satiro dias,ba,48485,-11.604902467545605,-38.58297471555834,sátiro dias,ba,False,True
3320860ccb3634183ac6746aa1e9264c,9dbd38bc9e0624b597a5b378847c4429,71927,brasilia,df,71927,-15.843413091757307,-48.01808620484556,brasília,df,False,True
160af96c093fe26cf4dfecd522a0256c,8f63171bbe127d1e080b2d2ad26ba363,71931,brasilia,df,71931,-15.8369274464868,-48.0394269535645,brasília,df,False,True
2600006b51f3d485d195fc1a3b3014c2,595097e7597ebef5491032c439b1d64e,70680,brasilia,df,70680,-15.785799316169744,-47.91757453421891,brasília,df,False,True
d382ad6bb56286079ce115ea6d4db527,b8f9ecc7915ce653a1d7ee6dbfe8f54d,06768,taboao da serra,sp,06768,-23.607633000000003,-46.75564199999999,taboão da serra,sp,False,True
0abda7ee9b75764b3bf4197b63ee7c0a,a28a5bf286affa0abc5f7dbc1ccb6a2d,73255,brasilia,df,,,,,,False,False
4e9217c5dfd97ced4ac2f769f8dd087e,8ff1f69b35c98589645f87be6ccb8b20,70686,brasilia,df,,,,,,False,False
9a3628001d3e292e330959f661034b0b,b9e123c4adf4b4cb158903c913c16aff,48967,nucleo residencial pilar,ba,48967,-10.33361416984474,-40.15152490130054,jaguarari,ba,False,True
dbd46952d895ea4b8aecd9bafd411def,ebfe9b42d73c997a677f615bf7116f18,71810,brasilia,df,,,,,,False,False
93bfdeb73351d031f1b66ecd51419b08,d24741b6792369a6a78dca259c685774,70686,brasilia,df,,,,,,False,False
ac3fbda55576ed7a4a8335993a6fda28,4318e437fafa30b16f2395e7c809cefa,56440,belem do sao francisco,pe,56440,-8.733541971693962,-38.96061950846018,belém do são francisco,pe,False,True
2cae47942c8ec4b0b35568cda80c913f,0957aa68c756fee82c61443a461b32ff,71931,brasilia,df,71931,-15.8369274464868,-48.0394269535645,brasília,df,False,True
e81b380b3c669bfebd48ec3f0f679bcd,5e27fb1ca5f8f65f60eecfb1c468b202,70686,brasilia,df,,,,,,False,False
8ff02d450ba93882e5d0277f2fdc8727,e58043c5746b4d123edd5fe77ef48696,72821,luziania,go,,,,,,False,False
23a87ecab2a4cc67da627f356f32714b,dc791dc083c466ecf8982fef1a65a3aa,37925,piumhii,mg,37925,-20.469549898219025,-45.96099284289125,piumhi,mg,False,True
ddb73c7e7b71669891418abdbdb704a7,e2e2ba359b4d37551009d340adad5180,38749,sao benedito,mg,38749,-18.83912726781643,-46.94672164246674,sao joao da serra negra,mg,False,True
a92793be3ea218a1c299ef149d5584c2,f9a19bbde55fdbb899189f8c71272570,72280,brasilia,df,,,,,,False,False
17dd3ef8f3646271ba727819c3c085e6,e200e8fd152f9ed3bc444aff30961d70,76310,rianapolis,go,76310,-15.317311647777423,-49.580425546576954,rialma,go,False,True
598c9545a37f10508a8c3b51b849d8dc,5ed8835d5dc17db8bee98a07201fb461,37925,piumhii,mg,37925,-20.469549898219025,-45.96099284289125,piumhi,mg,False,True
7a9ba3048545535bc0c1d412fa47f829,19416a0da35288cfce110f84839ff052,72300,brasilia,df,,,,,,False,False
2be4a0dedfe97478360ce6cefcbc9cc5,61df92ba1d93813fc91fe1fa1a89a026,72005,brasilia,df,,,,,,False,False
9d954b3fec9c0d6ade375ef5716a90d7,b30b71d4c524d51b87559e3fa4dbeac9,07430,aruja,sp,,,,,,False,False
343a25ade25b0aa9b86283e4e765b7cf,d97ca9e3a112c046646e62231734ced1,37925,piumhii,mg,37925,-20.469549898219025,-45.96099284289125,piumhi,mg,False,True
9703b7581528b85f8a8ab7bff039eea0,750ebfedd33d04b145ae5819f28c16af,76310,rianapolis,go,76310,-15.317311647777423,-49.580425546576954,rialma,go,False,True
553116a8650fecf9e64790c28a2aa2ae,a8e6d4ba769ab68e10b78899cd62777c,23970,paraty,rj,23970,-23.215653568544237,-44.70625430779405,parati,rj,False,True
42b60323285c89fc7c84d6cc24f515be,ef259a70ab5c229b5f323b0edc115f50,70686,brasilia,df,,,,,,False,False
afddd76d1457bf3429973d37105f7aef,b51e5231c8ece4e6f463f2add2e07f60,72002,brasilia,df,,,,,,False,False
2386792ff4818fe030a3b1364994f51e,ab7bed4092cc3dadbaefba86cb45f37f,73081,brasilia,df,,,,,,False,False
02469bb79cf0096970abae40244a4c6f,235e44672edfd9e6c77f2c69f4bb8427,68514,morada nova,pa,68514,-5.367055329732242,-49.12499133553474,maraba,pa,False,True
5614cf67ab985e69efafd08bd72381ea,4488d0ea1f48ab904095617818f6dd30,23970,paraty,rj,23970,-23.215653568544237,-44.70625430779405,parati,rj,False,True
d951d0e698b7803c10d296c1e1762178,24259224caf748993c177ebf964c2e6e,70680,brasilia,df,70680,-15.785799316169744,-47.91757453421891,brasília,df,False,True
f4891489f2c2b3f48b045142a066f3e2,aca7974d20037026ee9e65a3f7a0389d,37530,brazopolis,mg,37530,-22.479179200622745,-45.616959909646106,brasopolis,mg,False,True
e826caec2782e3a3787294d13a77c2e8,eabe386c422d6fc8ab991f7284efad70,70333,brasilia,df,,,,,,False,False
e268970912eb010dea9194ee50e22276,f83ac6015ad3b37d4f96603f362cb14e,72280,brasilia,df,,,,,,False,False
bbbb6bbcabbb1712d83b6d996869b412,219291a07997c4fc9a962719151bfa38,13820,monte alegre do sul,sp,13820,-22.69408747635863,-46.98545911933721,jaguariuna,sp,False,True
4f3d7e6bbe7f1c9de320437cf6bf04d8,150e414ff9f93eae86f42f44c8c863c8,71884,brasilia,df,,,,,,False,False
92bc8ba533fd5f3a2c5fb8c16f6f9611,2991185ed4a275b32b09338ebc32a7f9,72005,brasilia,df,,,,,,False,False
bfffc44d697db2944987bc39fd45d22c,b4dd1edfb454e09a915bcd75b653cb8f,72268,brasilia,df,,,,,,False,False
b4e50b0383bf56d616c5a1f0210c50af,68d2178fedb5a9be6fc8d38e8d401139,23970,paraty,rj,23970,-23.215653568544237,-44.70625430779405,parati,rj,False,True
1672735fe3048016be17731bb72b29a0,0fffb021cc4dfffa9465b66eca7a2b1a,70680,brasilia,df,70680,-15.785799316169744,-47.91757453421891,brasília,df,False,True
3ba38209ae8f27771c90ec6b410f2043,91798cca876208ae649532488494682b,88915,maracana,sc,88915,-28.859530722744918,-49.4516207564308,maracaja,sc,False,True
0c7d17d2ae9a0c85566d9d58ea478a25,f6a1b401ed3ffaa8ed4de1a6da5079b0,72005,brasilia,df,,,,,,False,False
80ca2676141288b0fb864389fa7e49c5,cf717ffae55d20f545be20358a44f698,35104,sao vitor,mg,,,,,,False,False
149fb5e07107f6ad6ff9fd318bbf846a,824de303ad09beec4bf7531e74f3b721,72455,brasilia,df,,,,,,False,False
37c8cc130d4a1b512227d8c2deab5e59,62b764bfdf898a421ad99ac28b3647c6,37925,piumhii,mg,37925,-20.469549898219025,-45.96099284289125,piumhi,mg,False,True
403c18ab4dd89d3ca5e3690c73832ad5,827d2a844810b430e2dd9e55a591c955,72237,brasilia,df,,,,,,False,False
b9bec98c6738f16d7dc4e1f8e0e2c18a,2994bf500644967c02e013523bd02a62,23970,paraty,rj,23970,-23.215653568544237,-44.70625430779405,parati,rj,False,True
fd354b19b1fd11c045837f4beda41f6a,54610a858799a89ccd365119745512fd,93601,estancia velha,rs,93601,-29.644363159020937,-51.16641467165132,estância velha,rs,False,True
3295b1d78b7c28090e18c60e726359ce,c90e48690d479db6bd7fde249e50aa50,71919,brasilia,df,,,,,,False,False
e76656ce4486a41da00e471277b1d1e9,acca556e877c4ee6aaa815349925fab6,17390,sao sebastiao da serra,sp,,,,,,False,False
7dbc842dc7479f9708f950fb68fa7f29,5e8fcce8e57e95ac2100751527c9a485,71927,brasilia,df,71927,-15.843413091757307,-48.01808620484556,brasília,df,False,True
365ea489aa1e81ee23c0a26c918cecb3,e226f1eb3c1567ca3924ac574f7250ba,71918,brasilia,df,71918,-15.837613617893139,-48.02359965433803,brasília,df,False,True
2c234c3a0b7d6c725d30c619f1c08b98,9b6cc489e1c73e719d7af9b3f2bac4b4,28143,mussurepe,rj,28143,-21.84251257848949,-41.25341551332294,campos dos goytacazes,rj,False,True
171d0cbbe596c404ce5ad628a8d7996a,a1f6aec75e41168caba548372f245c68,23970,paraty,rj,23970,-23.215653568544237,-44.70625430779405,parati,rj,False,True
d8e8abfdd5595791e6839dd57db99559,9a3fdd4ad28fc1dc25039dd5d4a3dbbe,48793,caldas do jorro,ba,48793,-11.027780139903946,-38.791894904061046,tucano,ba,False,True
75ca43872d52b1b5edefa39295d893ee,77278ade89af03166743f7a0fdbc4808,23970,paraty,rj,23970,-23.215653568544237,-44.70625430779405,parati,rj,False,True
d21aca727a504b0dd2253ba5b4ff2bb6,0ab422e0fd6fd09d1ccc8fd7a01b3569,71927,brasilia,df,71927,-15.843413091757307,-48.01808620484556,brasília,df,False,True
0eed3ff172c60ed10c2c4eb3a08e29c4,d18e5db8ac1d75ef705db46fac25e546,76897,jaru,ro,,,,,,False,False
0fd081a171ad9381ac6327931d84b277,2e768bd486b2fd6a5a2ebe19ef23442e,71928,brasilia,df,71928,-15.845635190858065,-48.031713728553214,brasília,df,False,True
e3e9ae1347443d356811dee97b0faa20,5243ba594032a9e2e1b2dc095c26faac,71574,brasilia,df,,,,,,False,False
d09d644ae171858274e3c166df961b4c,fb3d2759405ec9a4a3e8eb61653a0bec,72005,brasilia,df,,,,,,False,False
db3d228e48b195e4ecb9622a0b0e7807,b6720c884c4f70869b4536cad535a264,84623,santana,pr,,,,,,False,False
2ee64c10ba69ec9d4d5bf49f592c5fd2,e3a07a2fce775f67bcf06e6278807608,71090,brasilia,df,71090,-15.815613218565668,-47.995720718565664,guara,df,False,True
5941f2ead2367ad1fc5e41aa59827cca,81bb109c9a8ce2f7668acc9fe5742ee8,37925,piumhii,mg,37925,-20.469549898219025,-45.96099284289125,piumhi,mg,False,True
589298dae9fd52c451466272d22efb8f,6676ddad2f25941398c86483828fbc38,48967,nucleo residencial pilar,ba,48967,-10.33361416984474,-40.15152490130054,jaguarari,ba,False,True
41de90cec1dce38ebecc5879294e4041,65cffbc089e4ef996702bdef7aa3bb13,72007,brasilia,df,72007,-15.774815956743687,-48.0468055012082,brasília,df,False,True
30f82c0ee854f242de987b4f2390aa95,7f18fa0c84333e6a2e1e30378b5f3c6c,70702,brasilia,df,,,,,,False,False
1d2a414889f397a2f5e4ab18dc408a58,caf275848cfa258e061236550f1e4fc0,71215,brasilia,df,71215,-15.814737483080949,-47.94033250909593,brasília,df,False,True
4eb2abee7036f922297ad7cc22091664,3692c253122d42bc6428963ebdb4b3bf,99265,santo antonio do palma,rs,99265,-28.499749049531353,-52.656859625115864,santo antônio do palma,rs,False,True
d9f88948b98b2570e2f689b85416ed6e,6494cce4359980dea29a1fdacec25915,72162,brasilia,df,72162,-15.814020812247866,-48.09497407371684,brasília,df,False,True
cab782713f3d7b3847d6221940768673,bb8ee658d94e36ff8e7ad78603322673,72760,brasilia,df,,,,,,False,False
7b3d48b0c713f931c8f285b7ca1a8f79,2e156aa1eecc9c15a722dba0edd977a7,37530,brazopolis,mg,37530,-22.479179200622745,-45.616959909646106,brasopolis,mg,False,True
b77ee5671feb9b6efce84cc804842024,5c64fc047d4115cc4be24c9c0c9503c2,73088,brasilia,df,,,,,,False,False
7d96202874e65d22c7793fb158ed8495,ad97668eed5826a5d800b15351bea269,03294,sao paulo,sp,03294,-23.590469422820806,-46.54079578932951,são paulo,sp,False,True
2a651fa8230256f5df17362b0805f31d,590851c835b7400dc1344706de93967c,71919,brasilia,df,,,,,,False,False
7ed89b87166df84e69d929542a0852d2,4b0a2eb6cad52bcbb4df29d278fede29,72596,brasilia,df,,,,,,False,False
5264c52c5c2654d13ccb5e2532ddbe11,2379b0132f09e566ccb40df2ba73f507,71931,brasilia,df,71931,-15.8369274464868,-48.0394269535645,brasília,df,False,True
cf99f12a04c7b9dfb3d58338e80b7ae4,7febaab74c4fbf9f3241f62ad0c3368a,15720,palmeira d oeste,sp,15720,-20.41581785700051,-50.76235434159979,palmeira d'oeste,sp,False,True
92c997e26fcb5d0c3d7677dd64830c29,d0ba7b5b94efc995706e1219e9b39081,06813,embu,sp,06813,-23.651419840411457,-46.80531865509998,embu das artes,sp,False,True
79e4ac5ef12e80fa1a850417b9c2156a,948fa07f624daa357bdb33c808586c50,72821,luziania,go,,,,,,False,False
7eba295b7f6a16dcf3e9f75510d94898,0049dadc30da6a277c1e9d371df5a66f,70680,brasilia,df,70680,-15.785799316169744,-47.91757453421891,brasília,df,False,True
60f02d86ffb0ecb42c3f2c45036d9a1d,95444597528fa4349b35f17bf9f9b6f3,29196,aracruz,es,,,,,,False,False
b7696f3033663a871d0663c2398861db,e9460d74f131e328cfe6d3ccd5c80600,70686,brasilia,df,,,,,,False,False
c785e91c77b1e2fc9f642dbf170adbd4,3f92cb2c68fd2cf3739143147003d165,36596,estevao de araujo,mg,,,,,,False,False
1e0918f0d58bd46e2465857831ec892c,f0659077678fd05b5346a8afbf216c16,72280,brasilia,df,,,,,,False,False
a8c0dfe9a2d3319db98a6b8a78395900,a6c3e96610e095084a1491ec7f5b13ef,70680,brasilia,df,70680,-15.785799316169744,-47.91757453421891,brasília,df,False,True
f9f3547648b8c4bce58da9e9ab677fb8,3128b02155500306be4504a92c35c4de,95310,andre da rocha,rs,95310,-28.633002034863946,-51.57354410389618,andré da rocha,rs,False,True
0e1b17d09c043febb1b71ade300fc357,592f7582fefbe45dd0986a1fbbf80e13,57254,luziapolis,al,,,,,,False,False
86ae4eeeebc064f8fe03f829735ed7ca,50d0e28f36d2c2ccae53befac04a8b83,45470,jiquirica,ba,45470,-13.256750865853416,-39.57196328666318,jequirica,ba,False,True
dfe533d0707629488eb4571a6dd315cd,1ac4011bec2c0d9ce8eceb56bb1142c7,71995,brasilia,df,,,,,,False,False
a86ad8e8852b4549e9ac4cd4c10af56d,096b94ffac034afff21f347af4a6f93f,73093,brasilia,df,,,,,,False,False
ffeaa6d37b3691d54a01171f6562f44f,1c627eb230da69b6aac42e5cc550578f,23970,paraty,rj,23970,-23.215653568544237,-44.70625430779405,parati,rj,False,True
eaa860ad37779a36680e93d7d2b8b040,3d528b069707b3464a19fd937fc9f06c,75257,senador canedo,go,,,,,,False,False
7d2923a34828c8f767f2c6b110ddf4d3,6e1145876e0dbd91cfb65d1780c7c212,95275,nova padua,rs,95275,-29.027600933861294,-51.30913401762652,nova pádua,rs,False,True
f330cb20d9d9c5779de924d6a5fef754,3815e5fe3869fb75b982acc9da267b9f,48504,aribice,ba,,,,,,False,False
e37623a7c983c5174d5aea2aad30a080,7d8edfd1d3efadef19da57a63d21ed92,83843,doce grande,pr,,,,,,False,False
27b27f073e03bcd39e2e7472b2030710,23f614484b8fc679ba0a6b1535620da0,37925,piumhii,mg,37925,-20.469549898219025,-45.96099284289125,piumhi,mg,False,True
64a5588ae36dcad4727549ad89067d54,8cc26e8e58de3cae7254064def9302b9,29386,piacu,es,29386,-20.335972909905706,-41.3904879524313,muniz freire,es,False,True
7dd1cb59a4ab082a16acdf30d0bfa8cd,0f13f2d314cbe14223750536897d2f70,37530,brazopolis,mg,37530,-22.479179200622745,-45.616959909646106,brasopolis,mg,False,True
89adeb7c49556fb4c0ea5a90291e8a62,80b802cd88ff70ff813c1c7ce62084f5,06814,embu,sp,06814,-23.659934713208234,-46.814589834839374,embu das artes,sp,False,True
928d05fd0700122729f23765e85bbca2,80d5413a86f18286a10c4457db5566b1,89294,fragosos,sc,89294,-26.171909231026945,-49.329430285344834,campo alegre,sc,False,True
9ade3caa74c467443051775d3e650140,d35838e6470b043f26e342c03eff4118,85138,colonia jordaozinho,pr,85138,-25.53495725335863,-51.50634312648354,vitoria,pr,False,True
eb09a9c966e7801d1ab6ccb15baa96ef,3dceeb3d4179741a2989416284356e63,72007,brasilia,df,72007,-15.774815956743687,-48.0468055012082,brasília,df,False,True
52e73a5d0a1d4c56b090cd70e0d678ee,b43530186123fb6d906380c873fdd9e6,62625,missi,ce,,,,,,False,False
0989ad22ee10df514ada88585ebd3101,37d072bb642db6424d5b3693de406a4f,37005,varginha,mg,,,,,,False,False
5ffea9b2ecf7eb23b4db0b1c4f76765d,46bd6118d318823084331f26dcb0ae9c,73401,brasilia,df,,,,,,False,False
dd8d07e16151dc953a7d0929a961c488,049a4d30ddf74ba1729c3c7d7c04057f,73255,brasilia,df,,,,,,False,False
50bcce86319ecdf2df1edeae7272a38e,bd6e919ea010cdfb03825ac482546540,05606,sao paulo,sp,05606,-23.580373159704592,-46.70583773284187,são paulo,sp,False,True
daf22b7353d8e5021df9894b32dd6b45,bfe6b5289dd1cec948d3714ae5453392,49870,itabi,se,,,,,,False,False
b9e7408a5e9cbc2c32efa68fbdcd8c69,a2356e8532a09cc7a793f05bb44be5bf,70680,brasilia,df,70680,-15.785799316169744,-47.91757453421891,brasília,df,False,True
5885969ba920706beb8d5381a2ba981c,d714959800e10629872c11353cbb1913,72002,brasilia,df,,,,,,False,False
79298f6a8720081178c7741e3eff8216,7ef7e4cd493353520fe3df708dc1cf07,13307,itu,sp,,,,,,False,False
9b581e0364d30b233f7653122203e387,29c8fe182fa5d31ddaf0d32285d2a0a3,73083,brasilia,df,73083,-15.793451951210246,-47.84585219627235,brasília,df,False,True
fbb076794786e1bd0a1e33eb71bcd595,217754b74cc79168d8f2d5e20af057c5,28617,nova friburgo,rj,,,,,,False,False
3187d1ef9489d150ef02ed28a56b6e18,3138858b0f3302d6d8ffbaf1de14444e,37559,pouso alegre,mg,37559,-22.17980097180635,-46.07284393063828,ipuiuna,mg,False,True
d5b00ed5152f1e7956063b97cbed5dde,dc8a6cdc8426f5ceede410e0dd67aa22,73402,brasilia,df,,,,,,False,False
626a0f18050903535ecf8e312a5c028f,615eb18afcde37c5ed09c9d4109c41fa,56327,petrolina,pe,,,,,,False,False
4cc039b3cff6bee52ab83a5976066c9e,28b73781996ecf6d9165e4a6a4485946,72017,brasilia,df,,,,,,False,False
53c009899356b1d516fce2ccc4831a6c,e4a388aec69798c56d2422e77c4b125d,70711,brasilia,df,70711,-15.78870234964769,-47.88215724063362,brasília,df,False,True
58ea963c191e6d553f030709aabcda9c,597670a69730b96454e967a2e86c819c,37925,piumhii,mg,37925,-20.469549898219025,-45.96099284289125,piumhi,mg,False,True
eee939388ce26a89882d667d7f2a0ce4,1e58bb2e8c2bf75bf837008ad1c1f433,71976,brasilia,df,,,,,,False,False
7d2e9de299e7087ef52d931eae2f2345,8c21dd8c37144807c601f99f2a209dfb,72587,brasilia,df,,,,,,False,False
54c5c9dcdc6cca32b4fb425a215d39f5,f5b61c2866612d66de52d3a44a5e86dd,72005,brasilia,df,,,,,,False,False
1287bb4d651bd96d3b090a92997ae7ea,a88ddb886ec892589db987f01cf9b747,72007,brasilia,df,72007,-15.774815956743687,-48.0468055012082,brasília,df,False,True
3517f8cb54ea9365c0af466376685f1f,1f01be0efb43b8e7c3dcb05b197fc83e,15650,estrela d oeste,sp,15650,-20.285512968145653,-50.397440376780864,estrela d'oeste,sp,False,True
a5365057820af88a289d8dba9dd64e5f,47d5100fb5a4bd584778b81d489863e1,72007,brasilia,df,72007,-15.774815956743687,-48.0468055012082,brasília,df,False,True
25efef823626e7fa4e74f0bc9db133d1,8b1ea5b8958ebfa320d33b80215dfbc6,85958,perola independente,pr,,,,,,False,False
093afa5e2f16785b06a54179fdc986c2,b6e4d8aa8df3bd5ce682be0ef338e5da,71919,brasilia,df,,,,,,False,False
932cb955d0fbf4bef9fc737585832620,b31124451c6d25e5fa513d12d33a51fb,13911,jaguariuna,sp,13911,-22.701107620381485,-46.988525222339135,jaguariúna,sp,False,True
42c73f6fb9c46216dcf705cce9cc7dd7,d329379cee2cf84319a59b33258e9ff1,72596,brasilia,df,,,,,,False,False
edee5737d062e9274e403eff4ad67e12,fe59d5878cd80080edbd29b5a0a4e1cf,71065,guara,df,71065,-15.842582940884778,-47.975808124409006,brasilia,df,False,True
dd5095632e3953fc0947b8ab5176b0be,da45a9a1df408c39f013b9b0b505042c,70680,brasilia,df,70680,-15.785799316169744,-47.91757453421891,brasília,df,False,True
964a6df3d9bdf60fe3e7b8bb69ed893a,2e015e68fbfa36910263df5384e8e45c,73401,brasilia,df,,,,,,False,False
9aba87c74f5eed0b71841c56eebdab17,fae89dc82c335fb681c6e5a0cd8c9f0d,45534,taboquinhas,ba,45534,-14.277952102631142,-38.995374147173415,itacare,ba,False,True
07a527e6169759ea7d70eb694633e951,9f3e953fb01bfe34f6d1c7f11c1bf4f8,71215,brasilia,df,71215,-15.814737483080949,-47.94033250909593,brasília,df,False,True
e198d9344eb2d92c850249a49d874dbb,b21420e415588331cf9797592a3d9456,72238,brasilia,df,,,,,,False,False
e692fb9ebedf9385c3b4b7d2e140fa21,4cd6d37ddf763a398d0c4e13ced53dbf,72465,brasilia,df,,,,,,False,False
2d61700a423619c9079c538ed61967dc,6f54e4948259bd0c7563d961f4ac921c,73369,brasilia,df,,,,,,False,False
23d6da614b40182e3c858847147f2268,4e84f3c81efdd148acbd299ff10916ae,72270,ceilandia,df,72270,-15.80545692568839,-48.143886348646895,brasilia,df,False,True
ffab297c5f9f51263faea43a6a7df53b,aa81dcc2f3102f2bc77b8ad863ae2f97,71676,brasilia,df,,,,,,False,False
a6a3ccd6981f76577a6cfcac362430b2,815392b735eba3589a02408bce170947,72002,brasilia,df,,,,,,False,False
43b9948328d8612fc90f4101fd2487db,f8ef0008c25d6e0617e92e98c497d2ef,71215,brasilia,df,71215,-15.814737483080949,-47.94033250909593,brasília,df,False,True
35429bfcde1d02c1c64914c46ef6709d,e21cb2f207381d3732c4a15917fca296,72300,brasilia,df,,,,,,False,False
174d8398e18f661e844e419660c4fc36,1fc08d2535901f6cca835ff37558a94e,37925,piumhii,mg,37925,-20.469549898219025,-45.96099284289125,piumhi,mg,False,True
9d1c9f15d1ec506b14077d5e6a4b7cc4,918d5b9108287c548ab267ab40d66d13,72242,brasilia,df,,,,,,False,False
7ad00854738c8fc46b6bf4c6974cfc49,0b0c6c4b2a8dd9793de2a049cf67684e,68447,vila dos cabanos,pa,68447,7.271649375032848,-40.315884016386505,barcarena,pa,False,True
78519cf01865cbd8e54ae1dab60ef77e,e9a5ffad71fbb203da7c2661b647cc9a,19740,bora,sp,,,,,,False,False
04872433c17e4ca13b0aa2381838d11e,b3e529a2053eaec39876a97f990c3726,36576,vicosa,mg,36576,-20.702669163333553,-42.986789819228186,porto firme,mg,False,True
c42527f634cdcc96d4576f9961815586,5876dd2eba90a1f7ce5d0548c46e281a,72836,luziania,go,72836,-16.210019476749263,-47.92963401356898,luziânia,go,False,True
5eed54f1f404f00ff0d44be6b120dd48,dc647995a5eae1f95876da6576f5e8fe,88915,maracana,sc,88915,-28.859530722744918,-49.4516207564308,maracaja,sc,False,True
09cef74048128ea86d84ab0b84a517aa,d24b1c6f6f0b58a542d74e912fd7a336,13450,santa barbara d oeste,sp,13450,-22.75792592990925,-47.41709731928337,santa barbara d'oeste,sp,False,True
54c9809e0315ee825c01a3bbe1cd61b7,c5c8e42080d2712f53984e95d9864871,77404,gurupi,to,,,,,,False,False
105a4e6147720f5766f32cd1015c6e01,4a822609f184b947082c91789ab04512,56440,belem do sao francisco,pe,56440,-8.733541971693962,-38.96061950846018,belém do são francisco,pe,False,True
d198b40ba4bff0ab7ca1a37d872e9c5b,2f37a695478fbf531a61d086b444a634,44135,humildes,ba,,,,,,False,False
59365a596fafb5488c739ac1e657f6ab,d5836fcbe2d26317c39caf19d08f21a7,28120,ibitioca,rj,,,,,,False,False
876356df457f952458a764348e1858bc,00a39521eb40f7012db50455bf083460,72595,brasilia,df,,,,,,False,False
e4447a5ba83bd803a92ff42706b70816,e6fd45b1eab3940e2bfc5ed749f653fa,06768,taboao da serra,sp,06768,-23.607633000000003,-46.75564199999999,taboão da serra,sp,False,True
c04e5815b1b55566ca94507f0540bb2b,047349583aacc952cfd041dcd3c1ba1a,06844,embu,sp,06844,-23.662058903357565,-46.88244515971343,embu das artes,sp,False,True
c87654c6c5492c2615a6c135b017bccb,ba8cb30ffcc1d04326f0d51e09efd36e,13820,monte alegre do sul,sp,13820,-22.69408747635863,-46.98545911933721,jaguariuna,sp,False,True
6a9f8b26d13f6070c2be70b834949be9,5468c19d0df121d47a5d3dc792f6cf52,72863,novo gama,go,,,,,,False,False
3550f969887c04033270aa6ec14c49e8,71cb6495e38947c20cbe1c8be3a219f3,70686,brasilia,df,,,,,,False,False
19bacb562bd43bd4eaf05b6c0a59dad0,c5f01991eadc43c924dfd891e9026217,87323,alto sao joao,pr,,,,,,False,False
d09feea13dee71db39f02d3ba3030c21,3d7dac08eb0ac2fc1690166cf0bcb79e,71931,brasilia,df,71931,-15.8369274464868,-48.0394269535645,brasília,df,False,True
b952cebf2ed1323e49c7e74b60326345,7cd747a15b6eb374e2706259c27e96a8,72005,brasilia,df,,,,,,False,False
b23ee95fb2dba205de0f7a0181778b1b,fadc1ce39affb802bca50bf6c1557221,06823,embu,sp,06823,-23.66979897579007,-46.80193510564261,embu das artes,sp,False,True
1ef4f54ffb06ad14478a7b0b8eeb6571,396bd77d4b00649dbee6e339ea4e8fa9,72595,brasilia,df,,,,,,False,False
ec7d43b5e856b72f416a6e22a83d9877,a7b18eb920fd2b59c60d46e4f3848a1f,71919,brasilia,df,,,,,,False,False
70d08ac303a95dba582205ecaba9cae9,92d8d3769e33b13903af5274f6f498d8,87511,umuarama,pr,,,,,,False,False
4acbfd869b07aaa9aa54f931a52d3f8e,c419c57643dcfa71e227a804e2b758f7,36576,vicosa,mg,36576,-20.702669163333553,-42.986789819228186,porto firme,mg,False,True
afd06216cd9836bd133a2cdfac65a6a8,91a06d0c26977d0842461ffc50e45791,06768,taboao da serra,sp,06768,-23.607633000000003,-46.75564199999999,taboão da serra,sp,False,True
2fa0203e3d4f0dfac0f2f3f1f07263c2,86f058f4efe767ec8d9f641e77bdd3f1,23970,paraty,rj,23970,-23.215653568544237,-44.70625430779405,parati,rj,False,True
28a9a3a21866a667462c1965fbfce618,6ae0a9e0c0b38e764d43aca2febc9e20,37925,piumhii,mg,37925,-20.469549898219025,-45.96099284289125,piumhi,mg,False,True
d13c56e89c552769083af66262d93f1d,dfa9a6263db1d92836c6bb92d1158f5c,72440,brasilia,df,,,,,,False,False
a2db663a96649cbb12a8df657b52ceda,7b69c3a90129e6eb613e03f418ff3f74,37530,brazopolis,mg,37530,-22.479179200622745,-45.616959909646106,brasopolis,mg,False,True
a93ba2ce55c9d1ec30a192c5afd535e2,e6917a0b32367d6fa91cffb4c0faee07,23970,paraty,rj,23970,-23.215653568544237,-44.70625430779405,parati,rj,False,True
574bc1bc07d89145ec04fd7a5eca5c3e,4b79e4b6db0bcfb76c85b5d88649fa45,72005,brasilia,df,,,,,,False,False
11a10448e2adeaa0f579ccd356a6a3f1,02d50470ba933abc280ae8815ae03d74,45816,arraial d ajuda,ba,45816,-16.381853461534703,-39.304253002730505,arraial d'ajuda,ba,False,True
6cc74c60ca9f1e86a7116ade13075729,910928b04ad1ac577b9c81554ae01b05,48967,nucleo residencial pilar,ba,48967,-10.33361416984474,-40.15152490130054,jaguarari,ba,False,True
fd49e9ce1d624c2b1dab02c05ae03838,9f872ec70ea057ea42d0bc6481e47e53,72243,brasilia,df,,,,,,False,False
91f350582b34e0392b3726353d5550af,51a602494678aa0c9d6e2302e85b1384,71919,brasilia,df,,,,,,False,False
e6add8f4805cb6a382c26548daaed9d7,6c9871f7c55b411fabb59d9130b51e6d,65830,sambaiba,ma,,,,,,False,False
c3b654b6e5f9e0be36d1905e677b187f,f9ff62f2a00c2414e57865ad8a95c121,70680,brasilia,df,70680,-15.785799316169744,-47.91757453421891,brasília,df,False,True
8b8e02be8fef10b7c6e2d210dbcfba7c,ed05a1bbf9f8816af23fcc68084bb87d,06806,embu,sp,06806,-23.63594039597157,-46.838568199282456,embu das artes,sp,False,True
f72d23faedce4668482b0952c3907d3f,ccc18053f74ccefee4e4dfc5abdbaa89,71261,brasilia,df,,,,,,False,False
11024ab79fef63ba4aba813bd23823f0,d997afde16cf500218094945b8eea046,72017,brasilia,df,,,,,,False,False
8a629de914739aa508711c4311abf537,33af0bbf265311b13bf09d859309b52b,28575,jaguarembe,rj,,,,,,False,False
204d8daebd63de26069fdb27665c65e4,8e2026db167c45a8ff8f5e4728bd9dd1,71931,brasilia,df,71931,-15.8369274464868,-48.0394269535645,brasília,df,False,True
09703c9d52696df6b0c0f4dd1c8729f8,44dea3dd3d776aad6275f1417e04f4c8,71937,taguatinga,df,71937,-15.830017948893982,-47.97916448123262,brasilia,df,False,True
a83bf4c5b74243416480fa16e9de9147,597d035b69316c799bffbefdd4477b98,70680,brasilia,df,70680,-15.785799316169744,-47.91757453421891,brasília,df,False,True
3f4921d33e816e05848de03a8d174c98,6b7b6dec14b9b2f4ea6200ff65620d1c,02140,sao paulo,sp,,,,,,False,False
e064430444b773cc0937e64aee670c02,641c355f2bd649203dad2b0a98263fa7,73255,brasilia,df,,,,,,False,False
4b9c67805e75214715d5925d6853bffb,99348d90573af76cd7c8e64fd097e6d3,23970,paraty,rj,23970,-23.215653568544237,-44.70625430779405,parati,rj,False,True
f1db8dd5d132de644b898613ac9a96d2,04d58f5b2e290fb28499e4ae00bd48fe,70680,brasilia,df,70680,-15.785799316169744,-47.91757453421891,brasília,df,False,True
17b3e7f93c1683a293e92623a77cbf80,aa120cd97bd8d3d1fd9b730cb22367b6,73401,brasilia,df,,,,,,False,False
e3efb89ac66e607b7f17cce348abba8b,cd7f83d9aac4d5d0a2998d237a0adaa3,71215,brasilia,df,71215,-15.814737483080949,-47.94033250909593,brasília,df,False,True
a1af09f3b94b902d137ebf59e75fc3df,fc9dfb320f6ce4ff0fe46425e6475a0c,37925,piumhii,mg,37925,-20.469549898219025,-45.96099284289125,piumhi,mg,False,True
5e289e8cd3b3f0416de203a17fac23c7,5c7bf79c18e9b98a2f1fa6598d23a635,70680,brasilia,df,70680,-15.785799316169744,-47.91757453421891,brasília,df,False,True
fa3a8736d5ae8f7df9b0a4154d0b14dc,2de521d3fd097acfbd5bed9c7b9ed0d0,71551,brasilia,df,,,,,,False,False
446886f236863df587be219f66eb15bf,5182a0cedbcab2cdd746471065fbb6dc,70680,brasilia,df,70680,-15.785799316169744,-47.91757453421891,brasília,df,False,True
28419f064605a15eb2038c4790b4196f,7d6b089029085b9d544174ab78412378,71931,brasilia,df,71931,-15.8369274464868,-48.0394269535645,brasília,df,False,True
ea4446b4fe6639ea64c2bd4483f494f2,459759c02362af7a218dd2fe035b3c07,61906,maracanau,ce,,,,,,False,False
aff6c1cbd702e9650fba803f5d7dc83c,c28b695680373781f8ff086844f72ef2,37925,piumhii,mg,37925,-20.469549898219025,-45.96099284289125,piumhi,mg,False,True
3a5bc1fec476a774e618cb40a073bf41,b7f2eeb91290ffe11be2fce7950a537a,42850,dias d avila,ba,42850,-12.613335402339558,-38.30095545324636,dias d'avila,ba,False,True
43c19903c140dc70e2ae446c1f49ac05,055ab020f1b15db97acb142cb9d893ae,70686,brasilia,df,,,,,,False,False
0a083c0972f90498ff5b26cba872b2be,549b66e101d705e15d0855704a2836ca,85139,colonia vitoria,pr,85139,-25.272807023543834,-50.07009121273323,vitoria,pr,False,True
0da03c17bb6e78ca54c42dd0332b5847,6a8733ff8b8426816669b13aa1f07501,29196,aracruz,es,,,,,,False,False
51ef11dc522f9e3e2874a7678e7e7a1d,ad67869b898bbeb8fa7b8cb5f6106b7b,57242,sao miguel dos campos,al,57242,-9.783250256372778,-36.09150715375951,são miguel dos campos,al,False,True
5e271b804f276d8a36840e41116f4ac0,83d46bed1fdb4afd844d8b7e64959f5f,73255,brasilia,df,,,,,,False,False
4b71f2dc18503c0dae19a58bfe99c593,01aa30b6c0412a1548fc29e2c98033cf,71884,brasilia,df,,,,,,False,False
3ff4f431d869003febc2f46b985d16e3,08f39bc6b746bc26013fa99b725e83e6,41098,salvador,ba,,,,,,False,False
d2d83da97b053656de05c3a2184666e5,4f1455bdf967d9144c8f55c7b99bbdff,71215,brasilia,df,71215,-15.814737483080949,-47.94033250909593,brasília,df,False,True
2ac74984a4df56e59f8b0a0703c856bd,ea0291d9b2223d0dc3f8d5b48ae2574f,72507,santa maria,df,72507,-16.0281833958187,-48.02681818504105,brasilia,df,False,True
fce48cdc0473d52a614efabbb7820add,9ee554a619106eea8aad534209f8b566,06768,taboao da serra,sp,06768,-23.607633000000003,-46.75564199999999,taboão da serra,sp,False,True
f74fb337ed11fedba7605dbf08af6c8e,f127a7f533042f257b45c2e3df20360b,72023,brasilia,df,,,,,,False,False
56c04aee226f0b4d7493f1556e79df22,100d7e5658eaabaa8ee218c572a46fdb,85139,colonia vitoria,pr,85139,-25.272807023543834,-50.07009121273323,vitoria,pr,False,True
6f392cfb40b84e0857b16c23c773aa31,5399c9213ca365a480537a1b21423d2c,28160,santo eduardo,rj,,,,,,False,False
9e7e083a1b48be7b56d33fd5ea02029b,cc140d69d77e50e3b529dbc42c83d299,55027,caruaru,pe,,,,,,False,False
5f81c3da2ae7a183c4e9e2f64e135c91,602d8c1d6b19c807cdd69e09dd6ff1cf,06810,embu,sp,06810,-23.6471307241995,-46.80122086985008,embu das artes,sp,False,True
67a860399b30091c0fc2c0287d5a0dec,c4894cc48beed50e8a504d7e38e29678,71927,brasilia,df,71927,-15.843413091757307,-48.01808620484556,brasília,df,False,True
d14b76c93d237241c52e0e6767feb42a,4a88a750280bdba0dd1f167ae2b68bfd,71919,brasilia,df,,,,,,False,False
cefd39a6ff2581a671f4ece797bc6229,9a006811efc614524b94d424925aad23,29273,paraju,es,29273,-20.340183139504454,-40.73167973417412,domingos martins,es,False,True
c785736d6fb1a0a904195d7f5b709f12,1162122f08021a557cea96e02100380a,43870,jacuipe,ba,,,,,,False,False
7e2d8e10c5c9339ad1492ad76452465f,a982bd0fec12d781fecd9f1e17cb81bf,48967,nucleo residencial pilar,ba,48967,-10.33361416984474,-40.15152490130054,jaguarari,ba,False,True
8a8476a80099f2b63c573d23679532ec,56f8e0d601a82ef7d2f05589daacd600,94370,ipiranga,rs,,,,,,False,False
0e9c3be1592c050d343700ba21b7f806,1c39144d899f035157a7761e319bc3ea,71676,brasilia,df,,,,,,False,False
502f84b96849b881c0bb14a9650d0a13,a275786a4b5cfa8599c673460cabc855,70686,brasilia,df,,,,,,False,False
1b97c2f2eebe3e5c80a2a7a07bb6749a,d904c56be9c7af2a9dd76af103699f83,72300,brasilia,df,,,,,,False,False
92c27dc71558f8edff69ad4068331e72,046728049e76c60b3194851ce65ae9fb,72005,brasilia,df,,,,,,False,False
5a5692225e8f8c8e991e45612fe94f4e,bd702616e5272433abb4c2a1383c665a,79134,prudencio thomaz,ms,79134,-21.65447886454879,-54.431618536132724,prudêncio thomaz,ms,False,True
5e4a6deb288ee0d277260ff584e7c2b2,e1e2dc80988ace2d050a0f4d29de7dd4,70735,brasilia,df,70735,-15.782518976857272,-47.888067626997994,brasília,df,False,True
3a0b54115011302ba73d357d8fb9bf8f,44fd50949efff9759f3d9f131046fcf3,70680,brasilia,df,70680,-15.785799316169744,-47.91757453421891,brasília,df,False,True
07e37b9181238afc5aef3d87171bf28f,aa671b18d12bf808c52e3ce9875dd8c6,71551,brasilia,df,,,,,,False,False
ed19fa6ce948d52be769926c2baaa17c,0124721bc33e0aa6772b42d4ccfd01db,38710,major porto,mg,,,,,,False,False
bac2d6a45da3161ce6bcf6a09118b99e,006b297ed73773b17d8874a2eb4466e8,42716,lauro de freitas,ba,,,,,,False,False
1769a3ebdaadccc529c9e90afd139850,8bc24a5f6aff334bacfd46f24430380d,06826,embu,sp,06826,-23.65953453974373,-46.801826104954934,embu das artes,sp,False,True
437dde455d8442c3e2b3dc1a7063ed2b,debfd498dbaea30ddf7060085ec4beed,36248,conceicao do formoso,mg,,,,,,False,False
6fb54da47c0032684f348042cf61fd1d,4ebbf4f17d293f4f0195b3f6e76bb766,71593,brasilia,df,,,,,,False,False
9aeb99fe106f300fedf58b21dfb9631c,684689f222c50c8fde9be4231b6bf5c7,38749,silvano,mg,38749,-18.83912726781643,-46.94672164246674,sao joao da serra negra,mg,False,True
3bd12f7c1ad3a3908905785e43de8603,2e5fb502adb87cf265468f4d2096d724,65137,maioba,ma,,,,,,False,False
a7c9fdaa3d2047ccdbbfc5b5452a6f3e,d4da368f76c9a5d3fdd0954e1d1472a5,71953,brasilia,df,,,,,,False,False
3f1e103d6039a322717941265fe39dfc,83f5d75bb2df68b3197dc0faaea3450e,72300,brasilia,df,,,,,,False,False
73348a24fb5172a8cdeeda3428641910,8176f8d3aa645c27e575e8809c2dd122,72549,brasilia,df,,,,,,False,False
80c5a8a72a0e717fbf9633153eb9e3df,2722e6b3a05b8ffb366a8f2a363b2e7f,73401,brasilia,df,,,,,,False,False
e2dc0b0cef178179300195205e3788ef,4f308d513ccac2840ecef09e3f27834f,72457,brasilia,df,,,,,,False,False
61ffaa693fd37373d7d5e2799cc9c90a,e21614b8b57fb38f71d8548468271a7c,06768,taboao da serra,sp,06768,-23.607633000000003,-46.75564199999999,taboão da serra,sp,False,True
11543382154fb169d777c611e577fb8d,252edd369befe02cad5c11504ea32773,37925,piumhii,mg,37925,-20.469549898219025,-45.96099284289125,piumhi,mg,False,True
7aea4c1a850cf1f179099fa1c85e9c51,b5baa582db90d336a8a7a88fb6598a9e,56485,tacaratu,pe,,,,,,False,False
a9e435c5800dffb292605fcedaf69574,12c4f7b676e61f23f3520f2196fe16e3,70686,brasilia,df,,,,,,False,False
fe93936e114cd096f6fe9b875e9e56e5,eae1c6167bd7b68ccc43df0a97051c43,76310,rianapolis,go,76310,-15.317311647777423,-49.580425546576954,rialma,go,False,True
ec56aa1dd27414bc3995d48550973d64,2fc813b40f2ff34eed000dcc7df6e4a9,71931,brasilia,df,71931,-15.8369274464868,-48.0394269535645,brasília,df,False,True
324709f9fb3d691f2c162f56bfdb6ff9,d2df5e77202e975353a79eb969740dde,70680,brasilia,df,70680,-15.785799316169744,-47.91757453421891,brasília,df,False,True
10cf33d13587d36f04522b0cd44bf2c6,d68daa9af58ffc8cdd1c0bb249c0bb7b,37530,brazopolis,mg,37530,-22.479179200622745,-45.616959909646106,brasopolis,mg,False,True
83f98a31688d3ce5de0bc10d5c375ce0,da1350640cb6f44df284977b3acef692,71919,brasilia,df,,,,,,False,False
44d347aa77b1bae4e5107c9dc3dde6f4,827b19392982299876c0aca1f92208c2,29949,sao mateus,es,,,,,,False,False
fd2b46c709e963e3111374306ec28392,25e3290450952d901e27965364bf25d1,06846,embu,sp,06846,-23.63569401627502,-46.87246995995669,embu das artes,sp,False,True
79bb38211c0224e3862991d3557a5828,970496f821706156cc723e56404f3eeb,70680,brasilia,df,70680,-15.785799316169744,-47.91757453421891,brasília,df,False,True
eaae32a3d066609f7783b36861c7a133,c471cde4de85d1c324999c5c94fa9a0b,71590,brasilia,df,,,,,,False,False
3ff029303975ebb929236a6ab8c85311,f3b539185a3c4b4a13f7d32b7444e963,93602,estancia velha,rs,,,,,,False,False
5bb40f4d5a4371842ecc05e3b4475dc1,0e2a10c8d1b35dca12057704d738bdb6,07412,aruja,sp,,,,,,False,False
46071acaf5b9ea238098f75f32c7fb93,29c9de8d2ffc5e76fe6b0e4a43da3f1f,08342,sao paulo,sp,,,,,,False,False
786cc4eab38165553b0fb0c53a35817a,9762e6c31b598116ac89680124fe173e,39103,guinda,mg,,,,,,False,False
2e74695f084dffae7616ee59ca7e0cb1,4526812697e5009ed522d5c6a85a7452,37925,piumhii,mg,37925,-20.469549898219025,-45.96099284289125,piumhi,mg,False,True
ce80c46eb733623b83a7458b918ca30c,48aac093ce4d05afcd577ef894f27dfe,23970,paraty,rj,23970,-23.215653568544237,-44.70625430779405,parati,rj,False,True
98f405f18fec61e1a61037c344213e26,bbfd59135e547be5668fde7563f761ea,72536,brasilia,df,,,,,,False,False
18496a6fa6f46c453fe2e56cec440d0d,9f2dbd2760e261a9735db254ddb9468d,42840,camacari,ba,42840,-12.828448370062683,-38.26224219433945,abrantes,ba,False,True
8540cae64da7ab8fbe66dffe946bb330,ec21b84d6332db46075bfb851000c59f,73402,brasilia,df,,,,,,False,False
de481cb60487d1171ef850f3d818467c,31628ac4d85d1c46ebf7dad444adcbe3,23970,paraty,rj,23970,-23.215653568544237,-44.70625430779405,parati,rj,False,True
608ad8754d7804251b348ba11b644053,b62349d6c5fc07cbf15b79c514549122,71918,brasilia,df,71918,-15.837613617893139,-48.02359965433803,brasília,df,False,True
90b17430567733d3e005cc92466c213a,78791713501b5a7de9d65ff42dcdb016,70701,brasilia,df,,,,,,False,False
219f488f72dad40f893a855ceb6afdc5,016e68615e12298a0a004a44d3b78579,59547,pedra preta,rn,,,,,,False,False
4ef4f99132bc7ad0d21bb0a7487d1fce,6a60761506f8e88ac227c68f2ea09864,06768,taboao da serra,sp,06768,-23.607633000000003,-46.75564199999999,taboão da serra,sp,False,True
01cd4f08b8b1bcba4125cff64d2ebc94,74f1d1f487534183c6b5f8abc0aff7b1,72669,brasilia,df,72669,-15.793363257833736,-47.84922424340701,brasília,df,False,True
ee298a93185413cdcd448b734e65f3cc,caac34ad2058114ddafc4e290ce7a432,71884,brasilia,df,,,,,,False,False
4e94ebb4f79f5522b85cddafc8bf9b65,5ccd1f0926deff5a964087d56a754c35,72536,brasilia,df,,,,,,False,False
b9d6a058e30a927c653a4d74412921ab,7c095d9664619908c53b522e147f8ff7,48355,apora,ba,48355,-13.4688355351923,-39.240259895855324,itamira,ba,False,True
aa4c5b95810a5d4b1bf2cc56e7d76cd6,41db2509d2fd3e2fe68e88deedaa0c1b,59299,poco de pedra,rn,,,,,,False,False
7b0a3a430a7e8b6183eac952df55cb07,e1bc4856f3e7b2a04eb051153f7e3bd8,85894,sao clemente,pr,,,,,,False,False
84e52783193cefa19bc60f352ffbc6fd,f7d2eac6433d18a4f323f0c620ddfa8b,71919,brasilia,df,,,,,,False,False
7d643c6504deebe6d2ab830865d71584,24abf93a73a57ab3fe56df52deb2c6c5,36857,pinhotiba,mg,,,,,,False,False
0fba33b27b39bc65c41c41c9b4048455,1c91783c053fa087ebeb04cee81e8942,71927,brasilia,df,71927,-15.843413091757307,-48.01808620484556,brasília,df,False,True
906e2003bcae032a29880793b1acb397,1acbbb17de95ff9bd36fa08ebd47f87f,37925,piumhii,mg,37925,-20.469549898219025,-45.96099284289125,piumhi,mg,False,True
1db3a7b88cd7fd05902c3fcde318795d,3db3885c251fead1659574f04032d844,23970,paraty,rj,23970,-23.215653568544237,-44.70625430779405,parati,rj,False,True
513e518b5caafded884af053de30ed00,7bc87ebcf1cecf35cd560bfb06a5cd33,72583,brasilia,df,,,,,,False,False
437dcc2bd3f47c77e640b63a067d408a,4ad4d9be004941fb8e0ffd31ddbf1f3c,70680,brasilia,df,70680,-15.785799316169744,-47.91757453421891,brasília,df,False,True
de6df770eafe17bbee77c0d639fd8878,d504041b9392f58cf4c72f75b1585f9f,28160,santo eduardo,rj,,,,,,False,False
135e503efe2b8d5fdf89541557c5aa37,ae4b37b37bb22e37fe34ada808837207,70716,brasilia,df,,,,,,False,False
a63d4ed214b0406558f633a39c61bac4,5a465fa8d582b46073747a7a0dafb516,71551,brasilia,df,,,,,,False,False
56945b46086d075810eb3a3d86bc64d0,1d19186b813298cb339fdf8b125c59ec,72007,brasilia,df,72007,-15.774815956743687,-48.0468055012082,brasília,df,False,True
d0de9a1f4f99b1ef24d62e647e0e2320,339f34206b47320a2fce8cb2197e13cb,71993,brasilia,df,,,,,,False,False
3326a1d23ec9e0dd4db7042f80c0ba00,63305950fe640d20773bdb40c16f7e62,72002,brasilia,df,,,,,,False,False
ebe53a4a297aa1f31438e020bb006ef1,aa675da7689d6205d9821104b41ae2fe,07784,cajamar,sp,,,,,,False,False
e3ee592966c74c3bcf809148134e426f,6d9171c0d4d8c153cab5158e39b0ac1b,13911,jaguariuna,sp,13911,-22.701107620381485,-46.988525222339135,jaguariúna,sp,False,True
4fda921eb59b74ed21c9b69c470b8fae,570a97232e0dd95c690bc0a5d0ac86b6,72583,brasilia,df,,,,,,False,False
4368f0421da8cbe3603fc13ee5dec576,08bf80050747f02a7b29b40f967e1f49,09274,santo andre,sp,09274,-23.656604474999934,-46.497593835999965,santo andré,sp,False,True
6a352323e9ea3442a66aa0e556579967,949a5efc8cd62cbe3888026bd0ddd1f6,48967,nucleo residencial pilar,ba,48967,-10.33361416984474,-40.15152490130054,jaguarari,ba,False,True
c7201484ae70fbceb803edabe73f85d2,3264bdf15cdf919688dcf64636e55437,71539,brasilia,df,,,,,,False,False
c3b46a2c4b10a6d46275d9902d91ff2d,4026f7d0145275eb838ef552b889c0ec,71928,brasilia,df,71928,-15.845635190858065,-48.031713728553214,brasília,df,False,True
4d12da03af6b4513c13c61dcc5171626,3858e59d2965f2cf2d49f28ea26ec172,28655,monnerat,rj,,,,,,False,False
3fcfab0e565a45accff1282416588060,15219300c0299c01fef6cbc7444494e5,05120,sao paulo,sp,05120,-23.51192940840816,-46.731383691522915,são paulo,sp,False,True
f10bbdc89537115c957937dd50a20ca7,3a3e48040eada9f191d9cf503c167f9c,71810,brasilia,df,,,,,,False,False
866aaa9d6c61762ad4240425b10fc25f,51c4ac3413acf4a49b78fe6be0904360,13841,mogi-guacu,sp,13841,-22.364979294138546,-46.92434237739809,mogi guacu,sp,False,True
908a1fbd0e1813bdb1fb722093e72207,a931e9c8a672ff5527de39785fa58673,37925,piumhii,mg,37925,-20.469549898219025,-45.96099284289125,piumhi,mg,False,True
b6b50cc057ac2920cd717ff1d6dd1fca,f05124f0cbc15a2a4ab35a06cb86b9c0,23970,paraty,rj,23970,-23.215653568544237,-44.70625430779405,parati,rj,False,True
047a3fba37e3a757da4c9e67f0d110d3,d0af32188351a712457b3c6956da3c08,13806,mogi-mirim,sp,13806,-22.420628126944074,-46.96783348419565,mogi mirim,sp,False,True
876d6b3d97349e7c61c8d30a28a94c03,c70b81d4b865dc92060a1794bd9479e8,13508,ajapi,sp,13508,-22.411489567314835,-47.57096343796528,rio claro,sp,False,True
f427a18519274b4ab884dfb90119300d,18fddf2ac72dfaeba9d4f36437c09405,15903,guariroba,sp,15903,-21.44830590538028,-48.57495884443414,taquaritinga,sp,False,True
d84702a9b331fb9c654014dfa116c55e,8d683e1e9344dbf659028d9667dbff5d,45936,itabatan,ba,45936,-14.767868686972278,-39.27809834669399,itabata,ba,False,True
9a95ff617d46b0853a2a9ab549a3f3d6,8aeb209e316043f412f30acb963f62f7,71918,brasilia,df,71918,-15.837613617893139,-48.02359965433803,brasília,df,False,True
638f52c07d956bf960e34befb98a0657,4cbb476250963d1e4f10b0a7b43f5c1a,28175,travessao,rj,28175,-22.147109150072314,-42.08524973410263,campos dos goytacazes,rj,False,True
24eba626a3ecd25108018ea7b111e766,e9184319c824764c71797e4416294a6c,71918,brasilia,df,71918,-15.837613617893139,-48.02359965433803,brasília,df,False,True
933da2a653210f730747c28a49d54d8e,638b990b3b08f2b36b0eb8dc89cc11f4,72007,brasilia,df,72007,-15.774815956743687,-48.0468055012082,brasília,df,False,True
bdf5201a85adc11a3881a5e1ffab102c,d99a94ef74620b95c29ca49d7c778bf4,72023,brasilia,df,,,,,,False,False
850be66093f139f399ba55d7cd96cf26,1a334d89e143e6cebb3506ad38ddd0c2,70711,brasilia,df,70711,-15.78870234964769,-47.88215724063362,brasília,df,False,True
c5293253d2861ddfc7811223b6dcbfcc,c9600276c55089ccd37cb1a360609101,13450,santa barbara d oeste,sp,13450,-22.75792592990925,-47.41709731928337,santa barbara d'oeste,sp,False,True
b891f5d42cbbd6d0d2e82eda1b48658c,aec4d44a02c74d625116e7d94fafd67b,71927,brasilia,df,71927,-15.843413091757307,-48.01808620484556,brasília,df,False,True
aacd2c89b47bcc2aa875ea9b1f64955d,a33bb670bdfc972c485c44923aece1df,42843,jaua,ba,,,,,,False,False
7ede38656037ea4714b989da45f8a44c,74ad7441d374e44fcdf9938fab8c35c8,70686,brasilia,df,,,,,,False,False
f09f554198d748578c957bcc58291e08,fbb25ad1452fbf7e073a084f8c2cbda6,73081,brasilia,df,,,,,,False,False
1b4161aae1f4de9b9756f21e46ae2106,bda8f2bcbf3a4a1fa3eb24b827c7a53c,37925,piumhii,mg,37925,-20.469549898219025,-45.96099284289125,piumhi,mg,False,True
338fad4bbe7bbf239e0077d785f8ca18,6421809fd24d27fe4d2f9b0de0e3dd0c,45936,itabatan,ba,45936,-14.767868686972278,-39.27809834669399,itabata,ba,False,True
54e27473e15984a728b6856d46d3723e,7d3d94b4740895a17760e976797f9f0e,73752,planaltina de goias,go,73752,-15.453416891754461,-47.59922272600537,planaltina,go,False,True
6230e4c4b38009c58b83aa90c2603ed9,ae33f41c36f829c6194fdf1ba5721b88,45029,vitoria da conquista,ba,45029,-14.873266879364053,-40.811908211119906,vitória da conquista,ba,False,True
e7892cc507b3a2e9fe53385ee5509351,1f3df785e9dc2144fdd0cdab14aa9422,71928,brasilia,df,71928,-15.845635190858065,-48.031713728553214,brasília,df,False,True
6d2a8a62ccdc51e36d7624e110ebd2a1,e5851a5d5596c2aae72e025e1a135877,71927,brasilia,df,71927,-15.843413091757307,-48.01808620484556,brasília,df,False,True
f92e28ada7607a8a13a31dd40a1e2ce5,03658a7798d3102fa2c6942dc260d376,23970,paraty,rj,23970,-23.215653568544237,-44.70625430779405,parati,rj,False,True
4ed03ec6b6bb0f578528c56059228081,b6c0f93df0a41ca52c0b590f50493925,85139,colonia vitoria,pr,85139,-25.272807023543834,-50.07009121273323,vitoria,pr,False,True
9c55979e022c8dc16611eed6a1c61a97,134fd5fd63ee2f45735524ef3dba7a81,37925,piumhii,mg,37925,-20.469549898219025,-45.96099284289125,piumhi,mg,False,True
16d505cd985a5e737955de5b91b733bf,9a846ca77f404659bd94979a3864db64,72583,brasilia,df,,,,,,False,False
078b1cb26cc7819cfb885c7cf8f87da7,24f9855f7be17e073675a1ea3718d4d6,13450,santa barbara d oeste,sp,13450,-22.75792592990925,-47.41709731928337,santa barbara d'oeste,sp,False,True
c5d82efcfae4a61553a2fee4a8309bf9,f96197b16e7ee1a7bfca2dbd547c00e0,88380,picarras,sc,88380,-26.76088503703848,-48.67964304885746,balneario picarras,sc,False,True
bedca31272f1b18b30685a6c559871be,7d3d94b4740895a17760e976797f9f0e,73752,planaltina de goias,go,73752,-15.453416891754461,-47.59922272600537,planaltina,go,False,True
9f4941a3863ffce26f87e9bb96d81c95,5656eb169546146caeab56c3ffc3d268,72280,brasilia,df,,,,,,False,False
f57c7d86e6eaf35468398ca2129f630e,b48a5ce04c2fb8f292e9762c1df4c3fc,13454,santa barbara d oeste,sp,13454,-22.74057348206503,-47.37588873094647,santa barbara d'oeste,sp,False,True
26085b5bf36c821ea31abe21056cb86c,a04bff533f8f03dacf3ea6242bf43abe,70830,brasilia,df,70830,-15.777625500000005,-47.87400825,brasília,df,False,True
c6a209a9cae13f4768c11cb3812740be,61097dc6883dd5e075fa2fb36ada4875,73251,brasilia,df,73251,-15.67044853931117,-47.81596285510468,sobradinho,df,False,True
a52734ee63bbdd3515b91c523b2063ec,be6142cc0f610cf3fdf18d60f2498894,13806,mogi-mirim,sp,13806,-22.420628126944074,-46.96783348419565,mogi mirim,sp,False,True
e2bfd0a3a3e2677586821cb7f3a27d07,9c5378dd26d0e55f55eba2e800765a6b,44730,caem,ba,44730,-11.118310942017905,-40.38588962424043,caém,ba,False,True
f45ac6dfd34f67fc16e581fe9ae0028e,98407dc3f7283a8a678d1d97e139bce9,71931,brasilia,df,71931,-15.8369274464868,-48.0394269535645,brasília,df,False,True
535a05f4c66c1ebb2b8c6a537a7f2149,e68be0a3138a025690efbc7275b629e8,86996,sao miguel do cambui,pr,,,,,,False,False
d219cc7387e6bbc57a8660d1924f995c,a0ec75d54358c7f8aa3d2fd6f1fcf523,73272,brasilia,df,,,,,,False,False
cbb68c721ba9ddb30d8a490cc1897fa1,00a39521eb40f7012db50455bf083460,72595,brasilia,df,,,,,,False,False
20a6f66a60ad60d0ad594a9a208093d3,1e1972964e63d31a968d8cd61ee3e039,70324,brasilia,df,,,,,,False,False
6b86bf7b0271bb85a4c6ce7f1d0370b1,baf54e21eda9754a90658f03a202edbd,73082,brasilia,df,,,,,,False,False
cf6abcbcfab5116f3123f0310101b7da,f406dbec9982332267dc8fad5dd93fb5,45816,porto seguro,ba,45816,-16.381853461534703,-39.304253002730505,arraial d'ajuda,ba,False,True
e808c788e5fa15411cddba5d33f753eb,3809fff4c1eb1bf45e452359832d62f3,72867,novo gama,go,,,,,,False,False
bef97440218f17f5f6a75807e2bd7793,f52fd777cb220b39d2020b34128b1301,71574,brasilia,df,,,,,,False,False
6a511c608ca737b62ce160178b17ca5f,58f9481a6d59f6ff267e4cdfcd8251be,71996,brasilia,df,,,,,,False,False
8a2f91d09e7ed0db94b1c9d1dac0e305,07e9cfc8cdd6f08d6993bc4ec77aa686,13910,jaguariuna,sp,13910,-22.69808500182211,-46.863985225808584,monte alegre do sul,sp,False,True
1daae5de6467ac2cb6cb6707025b2b40,c0dd822307f13bf903687963114f7d35,27980,corrego do ouro,rj,,,,,,False,False
2bc7f60e995164669011e304e5db2dae,80a64f995d6856775e1c12a6e9116b57,06768,taboao da serra,sp,06768,-23.607633000000003,-46.75564199999999,taboão da serra,sp,False,True
5b3b4e44b50bdde1b3454ac5d970205a,f4dab2a5ba9642222ee504e6d6a409a7,71931,brasilia,df,71931,-15.8369274464868,-48.0394269535645,brasília,df,False,True
b6d6fadbee4df0e3c0aab81a046124a6,69b09832dc41358029209b44f47854ff,58286,pitanga de estrada,pb,,,,,,False,False
faa60b8bd84596f71cefc77af1406537,c829de179bba16494e4aaaec90990508,73401,brasilia,df,,,,,,False,False
63a1a915dae7eb2dead5b9481d8d775b,01c75ebaa6fd123179cc3898fe4d24c4,71208,brasilia,df,,,,,,False,False
9f6eee61868a4161618844b56154ff08,702b073491f360532059ba3dec84492f,72005,brasilia,df,,,,,,False,False
deb1ce7ca68ee64461402e881a1c02ae,bb1768775784cf4511ec7c6f40f86ca3,73369,brasilia,df,,,,,,False,False
1834fd3fd3fd0ed679587598e8b6d980,f8bc84f159a83e22ee092f005a852475,71918,brasilia,df,71918,-15.837613617893139,-48.02359965433803,brasília,df,False,True
63a479f36824ee8972e112caa2e4e64a,28dcad8be7db3ef1b0e1f5da9f19bec9,37925,piumhii,mg,37925,-20.469549898219025,-45.96099284289125,piumhi,mg,False,True
d7c47b2b00ac1ab4163de1707a3b3ae3,fc8fc2c9ffef45e833ce9734c44aa868,05120,sao paulo,sp,05120,-23.51192940840816,-46.731383691522915,são paulo,sp,False,True
762714720007f6df80b89a121d5101e0,7695482601acadd569547509094a915f,48967,nucleo residencial pilar,ba,48967,-10.33361416984474,-40.15152490130054,jaguarari,ba,False,True
c82538d5fbcae9bd56b9ff35b1f4750c,9a50ede99feade17044b90d6cf96627a,71676,brasilia,df,,,,,,False,False
3801c293e240318c5ad66216d15ffc58,b494e0eadea2128f530bbf6e07c59e32,85138,colonia jordaozinho,pr,85138,-25.53495725335863,-51.50634312648354,vitoria,pr,False,True
f9a9e4658d1e1805f6f7fa0db82be533,98ef521792e9402a42f320bb08124b10,41098,salvador,ba,,,,,,False,False
b1a5afc135d86a079003163cf95cecaf,924f226bd0426ed28ec908a135b18950,08980,nossa senhora do remedio,sp,,,,,,False,False
a6aecb91639368b7b5d49c46adc1064f,1502c95b4e9c83e72b08f01764cc4706,72536,brasilia,df,,,,,,False,False
44116229bacbe481f496fbf77059a987,4c2648c5850ac8a3f7105333ef641e6b,73369,brasilia,df,,,,,,False,False
fdbc7516376d14a129da25bdfc80b3a5,9c9150053c344f992694c053e0f892ee,71810,brasilia,df,,,,,,False,False
df5109a90fdf4b8749ff1f40ad43aad7,e1668e5045b5b9b18f81163faf1c0457,71918,brasilia,df,71918,-15.837613617893139,-48.02359965433803,brasília,df,False,True
a6e2fa516f9931d73a9a1a9a98f24fc1,b5278b5d2352066d7625bfdc77005f50,71971,brasilia,df,,,,,,False,False
422ff8c7d9b772e324baad14ffbeaf96,1c79e1fdf2d55ffc251aed0f621a0795,73391,brasilia,df,,,,,,False,False
f5761c27a8914fea59ddbb75406d6c63,5f7ec44cc59400e228915ad065285fe8,64095,teresina,pi,,,,,,False,False
cbfa8d4b6563cb9f871f7f5412ebf9d9,4a0c5eba97122b2804885af83c16cdcc,72427,brasilia,df,,,,,,False,False
cce44d7973c3c5d679d99616b5f50c91,b48ba4be334f94490e91bedd0d424432,37530,brazopolis,mg,37530,-22.479179200622745,-45.616959909646106,brasopolis,mg,False,True
1a2d9dfdc193429a1757b69699dc1a5f,1ac4011bec2c0d9ce8eceb56bb1142c7,71995,brasilia,df,,,,,,False,False
198f8a1c41eaeb274fc8b25993320f18,0c428f7733b04c35dac27a76efeec295,72268,brasilia,df,,,,,,False,False
8b48944ea962a5e993b4d1a75f439ff1,6d93324938acb6214893b8765e2680bb,73369,brasilia,df,,,,,,False,False
c67f83708340f88414c55c7679a3dcc0,7155c2dc2de010b1ed888d39d193f1b7,71995,brasilia,df,,,,,,False,False
36c408645c6efa404b9ebd60139e68ca,ec0684fb0d0fab4e257d758cf523572c,37925,piumhii,mg,37925,-20.469549898219025,-45.96099284289125,piumhi,mg,False,True
8b20eb37b30208feef373de67fc749e0,c9d0b6cc7d9fccb750ba1cc6c4b76ecb,38627,palmital de minas,mg,,,,,,False,False
0dd2a674a2b63f9fc54ca6cd83532728,675a8d2a984ea6f86cc5c2d1a45211b0,28175,travessao,rj,28175,-22.147109150072314,-42.08524973410263,campos dos goytacazes,rj,False,True
d3a8cc265821db8dcbc9fc1c6cc30ca2,375285e23c212a027d6208103a3bd6f0,70686,brasilia,df,,,,,,False,False
eef238ea4577afeb9aa4a5e5082cd922,cabfc37c65b42f1ce5a26ac21a7b7887,23970,paraty,rj,23970,-23.215653568544237,-44.70625430779405,parati,rj,False,True
aad20e68b92b9d5989bb98698bec41d1,56d9f7e21e5646dbe8148f88453ea798,28695,cachoeiras de macacu,rj,28695,-22.602768923472013,-42.76441651372382,papucaia,rj,False,True
bdb9d5db5b15a0ad9863f05918543c48,f15ad971bc3aa6e488f5079135731170,70680,brasilia,df,70680,-15.785799316169744,-47.91757453421891,brasília,df,False,True
8162c84c0c0b52ba588177cc17e384f0,46276637ad6a208abe2d21eac707c73a,62898,dourado,ce,,,,,,False,False
630faf8ff0f9e9c6fd9c6033a9f94d95,44cac02e3604fee74faa1eaa90d94882,37925,piumhii,mg,37925,-20.469549898219025,-45.96099284289125,piumhi,mg,False,True
f796cc9e19019673220efa160fe7e610,a357e6da35420f660db00199a9062bb6,71928,brasilia,df,71928,-15.845635190858065,-48.031713728553214,brasília,df,False,True
8fbc83a81b0932d879c867a675080329,0fad0193123898cfc5bd4cf1e387ca97,71698,brasilia,df,,,,,,False,False
c348e5bd22ca24a447a221536c71d8b3,efe7f5948537f8e56c2c6b665cad9a34,12770,pinheiros,sp,,,,,,False,False
46a12f26b4e591ecaf6b86f5f5e2fdbf,53b04b58196d2bbac540a4faa5038406,28175,travessao,rj,28175,-22.147109150072314,-42.08524973410263,campos dos goytacazes,rj,False,True
cf818420383856a129134f5f8343f7b8,795c495a65f983b242fb01bd507977c5,72338,brasilia,df,,,,,,False,False
b8a0bddc4a62992acbf7ba801e980c98,0d78d100c97e5e0723d862a95ca0dc84,37925,piumhii,mg,37925,-20.469549898219025,-45.96099284289125,piumhi,mg,False,True
712b75336797a9b64ca4ebdad576add6,da9731584b5894c687262f350ac86bec,71931,brasilia,df,71931,-15.8369274464868,-48.0394269535645,brasília,df,False,True
67f3e907dce402e696b15f9308ff22ed,6f232f2f5c7f33b7bd9d794d2afacadd,68629,paragominas,pa,,,,,,False,False
aca9f3d4889f7141d94840387c9e3d5a,039a597bb045646b899477a8480bdd93,13453,santa barbara d oeste,sp,13453,-22.735068392989923,-47.398666112589645,santa barbara d'oeste,sp,False,True
72f4681642ad6cbcfcb011920336f1d7,e03d7002d4845a2d2e38d8b89305bb0f,15903,guariroba,sp,15903,-21.44830590538028,-48.57495884443414,taquaritinga,sp,False,True
f426f7ed3c61efa620bccd04c6265bc5,d1bc91f70ded61a38888cd8255d1ecaa,71928,brasilia,df,71928,-15.845635190858065,-48.031713728553214,brasília,df,False,True
f792e419335df11d82c32efcfb09c51b,c04c085b8e7573ba87b9ae1968d0985e,28530,sao sebastiao do paraiba,rj,,,,,,False,False
a73fa1e059154a6fa8c7e419b5bd0936,c40b4a21d854ab194280dadc8998061f,71939,taguatinga,df,71939,-15.822816784210993,-47.956252862233896,brasilia,df,False,True
78a11bb1fa72f556996b9a5b9bcd0629,e7536f62a200b415edd9491ac12a17fa,55863,siriji,pe,,,,,,False,False
ec5f9c9dd3ff056f05411979267887a5,640ac18151727c99757e30b92253dbc0,05315,sao paulo,sp,05315,-23.53377546607728,-46.73134498872432,são paulo,sp,False,True
2ed1b5c01561bcf39cc2f1566a8ac9f1,ed05a1bbf9f8816af23fcc68084bb87d,06806,embu,sp,06806,-23.63594039597157,-46.838568199282456,embu das artes,sp,False,True
ff09fd7b29e7488a8d8a20badcd8befe,8c21dd8c37144807c601f99f2a209dfb,72587,brasilia,df,,,,,,False,False
